project_name,project_type,total_contributors,core_contributors,core_ratio,core_percentage_actual,one_time_contributors,one_time_ratio,gini_coefficient,bus_factor,active_contributors,active_ratio,casual_contributors,regular_contributors,heavy_contributors,total_commits,core_commits,commits_per_contributor
uber/RIBs,OSS,74,12,0.16216216216216217,0.8120805369127517,45,0.6081081081081081,0.7593869036822056,4,2,0.02702702702702703,17,11,1,596,484,8.054054054054054
http4s/http4s,OSS,488,18,0.036885245901639344,0.8044805376645198,168,0.3442622950819672,0.9142710403936998,3,4,0.00819672131147541,230,69,21,17855,14364,36.58811475409836
rubenlagus/TelegramBots,OSS,147,21,0.14285714285714285,0.8029772329246935,74,0.5034013605442177,0.789365833899234,3,4,0.027210884353741496,59,12,2,1142,917,7.7687074829931975
sferik/t-ruby,OSS,67,2,0.029850746268656716,0.8550046772684752,38,0.5671641791044776,0.8989011909582116,1,1,0.014925373134328358,25,3,1,1069,914,15.955223880597014
qbittorrent/qBittorrent,OSS,434,6,0.013824884792626729,0.8113616004777545,268,0.6175115207373272,0.9440465067638322,3,26,0.059907834101382486,131,22,13,13396,10869,30.86635944700461
heroku/heroku-buildpack-nodejs,OSS,67,8,0.11940298507462686,0.8373493975903614,37,0.5522388059701493,0.8410848277778686,4,4,0.05970149253731343,17,5,8,1826,1529,27.253731343283583
GeekyAnts/NativeBase,OSS,288,19,0.06597222222222222,0.8095463884937569,160,0.5555555555555556,0.8784875884656584,8,2,0.006944444444444444,86,25,17,6327,5122,21.96875
dariuszseweryn/RxAndroidBle,OSS,52,3,0.057692307692307696,0.8486646884272997,32,0.6153846153846154,0.8950962489538159,1,1,0.019230769230769232,13,5,2,1011,858,19.442307692307693
boto/boto,OSS,662,49,0.07401812688821752,0.8008310249307479,331,0.5,0.8469587667690452,5,1,0.0015105740181268882,272,50,9,7220,5782,10.906344410876132
HandBrake/HandBrake,OSS,171,9,0.05263157894736842,0.8245935424776735,76,0.4444444444444444,0.9234204254753109,3,9,0.05263157894736842,54,25,16,13101,10803,76.6140350877193
BehaviorTree/BehaviorTree.CPP,OSS,138,3,0.021739130434782608,0.8170155300472653,87,0.6304347826086957,0.8777314583761462,1,7,0.050724637681159424,44,6,1,1483,1210,10.746376811594203
splitrb/split,OSS,182,31,0.17032967032967034,0.8,94,0.5164835164835165,0.7789978021978021,2,2,0.01098901098901099,82,4,2,1250,1000,6.868131868131868
h2non/bimg,OSS,71,6,0.08450704225352113,0.8048780487804879,40,0.5633802816901409,0.8146112447039964,2,2,0.028169014084507043,25,4,2,615,495,8.661971830985916
google/brotli,OSS,125,10,0.08,0.8103579588728104,85,0.68,0.8414562071591773,3,12,0.096,24,11,5,1313,1064,10.504
kartik-v/bootstrap-fileinput,OSS,160,1,0.00625,0.8171384850803366,117,0.73125,0.8616344682478958,1,4,0.025,41,1,1,1307,1068,8.16875
WebAssembly/binaryen,OSS,204,4,0.0196078431372549,0.8117706111180826,109,0.5343137254901961,0.9439636188268756,1,15,0.07352941176470588,66,20,9,7969,6469,39.06372549019608
trimstray/the-book-of-secret-knowledge,OSS,120,4,0.03333333333333333,0.8185219831618334,86,0.7166666666666667,0.8640551917680075,1,1,0.008333333333333333,28,5,1,1069,875,8.908333333333333
dabeaz/curio,OSS,60,2,0.03333333333333333,0.8293193717277487,36,0.6,0.8966666666666667,1,1,0.016666666666666666,18,5,1,955,792,15.916666666666666
mitchellkrogza/apache-ultimate-bad-bot-blocker,OSS,19,3,0.15789473684210525,0.8558612440191388,7,0.3684210526315789,0.8150969529085874,2,2,0.10526315789473684,5,3,4,3344,2862,176.0
greenrobot/EventBus,OSS,31,3,0.0967741935483871,0.8218181818181818,17,0.5483870967741935,0.8450439882697947,1,1,0.03225806451612903,9,4,1,550,452,17.741935483870968
boto/boto3,OSS,169,3,0.01775147928994083,0.8155130234566125,106,0.6272189349112426,0.9503968473604392,1,8,0.047337278106508875,41,15,7,6949,5667,41.11834319526627
presidentbeef/brakeman,OSS,177,2,0.011299435028248588,0.8857072931962799,104,0.5875706214689266,0.9357403397573636,1,4,0.022598870056497175,65,6,2,4086,3619,23.084745762711865
square/okhttp,OSS,331,5,0.015105740181268883,0.8113333333333334,241,0.7280966767371602,0.9237754279959718,2,11,0.03323262839879154,69,15,6,6000,4868,18.12688821752266
hibernate/hibernate-orm,OSS,804,16,0.01990049751243781,0.800670775924583,491,0.6106965174129353,0.9338748606496163,5,45,0.055970149253731345,234,54,25,22064,17666,27.442786069651742
gunthercox/ChatterBot,OSS,108,1,0.009259259259259259,0.8062593144560357,62,0.5740740740740741,0.9169242516237051,1,1,0.009259259259259259,36,9,1,2013,1623,18.63888888888889
Baekalfen/PyBoy,OSS,37,1,0.02702702702702703,0.8331550802139037,19,0.5135135135135135,0.9075299898829312,1,4,0.10810810810810811,14,3,1,935,779,25.27027027027027
lets-blade/blade,OSS,44,4,0.09090909090909091,0.82281284606866,19,0.4318181818181818,0.8597352260142959,1,4,0.09090909090909091,16,8,1,903,743,20.522727272727273
bioconda/bioconda-recipes,OSS,2525,174,0.06891089108910892,0.8003960055096419,771,0.30534653465346534,0.8735235796306904,10,295,0.11683168316831684,1263,437,54,58086,46487,23.004356435643565
voxpupuli/beaker,OSS,277,31,0.11191335740072202,0.8008234688625836,96,0.34657039711191334,0.8330425551812703,8,7,0.02527075812274368,121,46,14,5829,4668,21.04332129963899
OpenMathLib/OpenBLAS,OSS,413,12,0.029055690072639227,0.8003790271636134,170,0.4116222760290557,0.9050336581627736,1,29,0.07021791767554479,194,40,9,9502,7602,23.00726392251816
jenkinsci/bitbucket-branch-source-plugin,OSS,140,18,0.12857142857142856,0.8023255813953488,75,0.5357142857142857,0.7915026833631484,4,5,0.03571428571428571,52,10,3,1118,897,7.985714285714286
opensourceBIM/BIMserver,OSS,39,1,0.02564102564102564,0.9093774625689519,15,0.38461538461538464,0.950384918470025,1,2,0.05128205128205128,15,7,2,5076,4616,130.15384615384616
coolsnowwolf/lede,OSS,605,23,0.03801652892561983,0.8005573248407644,343,0.5669421487603306,0.8778508887368182,3,27,0.04462809917355372,216,38,8,7536,6033,12.456198347107438
elastic/beats,OSS,873,43,0.049255441008018326,0.8018808448040349,498,0.570446735395189,0.8992732724860475,11,66,0.07560137457044673,250,92,33,19034,15263,21.802978235967927
mozilla/bedrock,OSS,407,15,0.036855036855036855,0.8069276741065984,208,0.5110565110565111,0.9262860305670404,4,17,0.04176904176904177,130,44,25,16398,13232,40.28992628992629
BytomDAO/bytom,OSS,56,14,0.25,0.8046532045654082,9,0.16071428571428573,0.718942054433714,5,1,0.017857142857142856,18,24,5,2278,1833,40.67857142857143
bokeh/bokeh,OSS,718,15,0.020891364902506964,0.8082376123420003,419,0.5835654596100278,0.9377591214013177,3,12,0.016713091922005572,230,46,23,20807,16817,28.979108635097493
blynkkk/blynk-library,OSS,35,1,0.02857142857142857,0.8756073858114675,24,0.6857142857142857,0.9398028599194781,1,1,0.02857142857142857,6,4,1,2058,1802,58.8
hhxsv5/laravel-s,OSS,47,2,0.0425531914893617,0.8312985571587126,23,0.48936170212765956,0.9239379412945428,1,2,0.0425531914893617,20,1,3,1802,1498,38.340425531914896
malwaredllc/byob,OSS,36,6,0.16666666666666666,0.8052287581699347,10,0.2777777777777778,0.7768700072621642,2,1,0.027777777777777776,17,8,1,765,616,21.25
ReFirmLabs/binwalk,OSS,110,2,0.01818181818181818,0.8075385494003426,63,0.5727272727272728,0.9032085561497327,1,5,0.045454545454545456,39,6,2,1752,1414,15.927272727272728
BLCM/BLCMods,OSS,221,37,0.167420814479638,0.8046628407460545,35,0.1583710407239819,0.7931276251809631,12,9,0.04072398190045249,78,74,34,13940,11217,63.07692307692308
bootstrap-vue/bootstrap-vue,OSS,369,6,0.016260162601626018,0.8117625368731564,269,0.7289972899728997,0.9118701585245943,2,9,0.024390243902439025,79,15,6,5424,4403,14.699186991869919
boostorg/boost,OSS,213,27,0.1267605633802817,0.8026679555340744,33,0.15492957746478872,0.8356400883146469,9,3,0.014084507042253521,57,58,65,51725,41518,242.84037558685446
google/blockly,OSS,277,12,0.04332129963898917,0.8105688393929469,151,0.5451263537906137,0.9172702236422481,5,12,0.04332129963898917,88,23,15,9159,7424,33.064981949458485
jarun/buku,OSS,90,4,0.044444444444444446,0.8124432334241598,45,0.5,0.9074881420930467,1,6,0.06666666666666667,33,9,3,2202,1789,24.466666666666665
bkaradzic/bgfx,OSS,321,3,0.009345794392523364,0.8260918253079508,173,0.5389408099688473,0.9372767771486781,2,10,0.03115264797507788,121,23,4,8930,7377,27.819314641744548
davidstutz/bootstrap-multiselect,OSS,118,13,0.11016949152542373,0.8007566204287516,71,0.6016949152542372,0.7989291897321906,2,2,0.01694915254237288,40,6,1,793,635,6.720338983050848
philc/vimium,OSS,194,4,0.020618556701030927,0.8151865177049801,109,0.5618556701030928,0.9320116660192053,2,6,0.030927835051546393,67,13,5,5281,4305,27.221649484536083
jashkenas/underscore,OSS,334,17,0.05089820359281437,0.8016123378899405,200,0.5988023952095808,0.8397348310739194,4,4,0.011976047904191617,115,12,7,2853,2287,8.54191616766467
buildroot/buildroot,OSS,1519,46,0.030283080974325215,0.8004553419541333,578,0.380513495720869,0.9291802574195513,7,95,0.06254114549045425,604,256,81,78183,62582,51.47004608294931
WorldBrain/Memex,OSS,73,4,0.0547945205479452,0.8137035378414689,19,0.2602739726027397,0.9132481437630233,2,3,0.0410958904109589,27,15,12,13398,10902,183.53424657534248
scratchfoundation/scratch-blocks,OSS,151,15,0.09933774834437085,0.8005185545292497,0,0.0,0.8599570089105095,5,3,0.019867549668874173,98,30,23,12342,9880,81.73509933774834
Bukkit/Bukkit,OSS,131,16,0.12213740458015267,0.8111332007952287,63,0.48091603053435117,0.8126103430308733,5,5,0.03816793893129771,48,16,4,1509,1224,11.51908396946565
google/blockly-games,OSS,22,3,0.13636363636363635,0.805863708399366,12,0.5454545454545454,0.8127791384526726,2,2,0.09090909090909091,3,4,3,1262,1017,57.36363636363637
wiredtiger/wiredtiger,OSS,115,7,0.06086956521739131,0.8142400189551001,27,0.23478260869565218,0.9036555528656713,2,29,0.25217391304347825,24,42,22,25323,20619,220.2
uxsolutions/bootstrap-datepicker,OSS,400,95,0.2375,0.8005952380952381,275,0.6875,0.7250803571428572,2,2,0.005,119,4,2,1680,1345,4.2
NSFI/ppfish-components,OSS,44,5,0.11363636363636363,0.8434090238867591,8,0.18181818181818182,0.8592732098335165,2,6,0.13636363636363635,20,10,6,3391,2860,77.06818181818181
sammchardy/python-binance,OSS,194,9,0.04639175257731959,0.8009608785175018,133,0.6855670103092784,0.8385646258022061,1,3,0.015463917525773196,53,7,1,1457,1167,7.510309278350515
bitcoinbook/bitcoinbook,OSS,224,11,0.049107142857142856,0.8203454894433782,126,0.5625,0.8944269262407458,5,2,0.008928571428571428,65,22,11,5210,4274,23.258928571428573
EbookFoundation/free-programming-books,OSS,3235,1330,0.41112828438948995,0.8000839542449365,2107,0.6513137557959815,0.5924395439415968,194,7,0.0021638330757341576,1058,62,8,9529,7624,2.945595054095827
thoughtbot/factory_bot,OSS,293,59,0.20136518771331058,0.8010963194988254,214,0.7303754266211604,0.7365492394985047,3,4,0.013651877133105802,69,7,3,1277,1023,4.3583617747440275
heroku/heroku-buildpack-ruby,OSS,87,3,0.034482758620689655,0.8508734554750745,59,0.6781609195402298,0.9188350009060233,2,4,0.04597701149425287,19,6,3,2347,1997,26.977011494252874
jakubgarfield/Bonobo-Git-Server,OSS,105,15,0.14285714285714285,0.8012422360248447,44,0.41904761904761906,0.7835720623653188,4,1,0.009523809523809525,47,9,5,1127,903,10.733333333333333
BlackArch/blackarch,OSS,234,4,0.017094017094017096,0.8146417445482866,104,0.4444444444444444,0.9582958689117329,1,9,0.038461538461538464,83,27,20,25038,20397,107.0
zostera/django-bootstrap3,OSS,99,2,0.020202020202020204,0.8542024013722127,64,0.6464646464646465,0.8866538454874646,1,2,0.020202020202020204,33,0,2,1166,996,11.777777777777779
RoaringBitmap/RoaringBitmap,OSS,99,4,0.04040404040404041,0.8353876739562625,44,0.4444444444444444,0.9165291081792075,1,4,0.04040404040404041,46,6,3,2515,2101,25.404040404040405
buefy/buefy,OSS,400,11,0.0275,0.8011296076099881,268,0.67,0.8547280023781214,2,7,0.0175,119,9,4,3364,2695,8.41
vlachoudis/bCNC,OSS,110,7,0.06363636363636363,0.8077093486929553,45,0.4090909090909091,0.8697587304144683,2,3,0.02727272727272727,48,11,6,2257,1823,20.51818181818182
twbs/bootstrap-sass,OSS,117,4,0.03418803418803419,0.8338136407300673,95,0.811965811965812,0.8649309917321446,1,1,0.008547008547008548,17,3,2,1041,868,8.897435897435898
aws/s2n-tls,OSS,232,28,0.1206896551724138,0.8054445079002475,86,0.3706896551724138,0.8291345831938399,9,12,0.05172413793103448,94,39,13,5253,4231,22.642241379310345
felangel/bloc,OSS,244,1,0.004098360655737705,0.8078703703703703,175,0.7172131147540983,0.889432807124064,1,11,0.045081967213114756,62,6,1,2592,2094,10.62295081967213
exercism/website-copy,OSS,1131,427,0.3775419982316534,0.8001703093954017,827,0.731211317418214,0.6428690281597778,18,7,0.00618921308576481,274,24,6,3523,2819,3.1149425287356323
marionettejs/backbone.marionette,OSS,376,21,0.05585106382978723,0.8029455081001473,230,0.6117021276595744,0.8476725785729953,3,1,0.0026595744680851063,124,17,5,3395,2726,9.029255319148936
StanzaOrg/lbstanza,OSS,23,2,0.08695652173913043,0.9133078526754691,6,0.2608695652173913,0.8853823609390579,2,3,0.13043478260869565,6,7,4,5756,5257,250.2608695652174
psf/black,OSS,478,91,0.1903765690376569,0.800497512437811,373,0.7803347280334728,0.7299485834426196,7,11,0.02301255230125523,84,17,4,2010,1609,4.205020920502092
Homebrew/brew,OSS,1235,27,0.02186234817813765,0.8050873295875256,714,0.5781376518218624,0.943722386306306,5,40,0.032388663967611336,382,94,45,45918,36968,37.180566801619435
axiomatic-systems/Bento4,OSS,57,2,0.03508771929824561,0.8359133126934984,34,0.5964912280701754,0.9093205149095649,2,2,0.03508771929824561,19,1,3,1292,1080,22.666666666666668
async-labs/builderbook,OSS,24,4,0.16666666666666666,0.8981001727115717,10,0.4166666666666667,0.7906591824985607,2,2,0.08333333333333333,8,3,3,579,520,24.125
BlueWallet/BlueWallet,OSS,131,8,0.061068702290076333,0.8269722071688472,63,0.48091603053435117,0.9232876728519788,3,13,0.09923664122137404,41,13,14,12917,10682,98.6030534351145
rappasoft/laravel-boilerplate,OSS,150,3,0.02,0.8013972055888223,61,0.4066666666666667,0.9020669771567975,1,1,0.006666666666666667,74,14,1,3006,2409,20.04
thomaspark/bootswatch,OSS,96,1,0.010416666666666666,0.8302455838000862,59,0.6145833333333334,0.9357541648714633,1,1,0.010416666666666666,31,4,2,2321,1927,24.177083333333332
s3tools/s3cmd,OSS,223,9,0.04035874439461883,0.8025839793281654,145,0.6502242152466368,0.849348211492335,2,2,0.008968609865470852,68,7,3,1935,1553,8.67713004484305
baconjs/bacon.js,OSS,118,2,0.01694915254237288,0.8334991708126036,58,0.4915254237288136,0.9263035106951121,1,2,0.01694915254237288,47,11,2,3015,2513,25.550847457627118
wenzhixin/bootstrap-table-examples,OSS,33,2,0.06060606060606061,0.8947368421052632,18,0.5454545454545454,0.9115151515151516,1,1,0.030303030303030304,11,2,2,950,850,28.78787878787879
bqplot/bqplot,OSS,76,8,0.10526315789473684,0.8257431142623398,27,0.35526315789473684,0.8600354513226072,4,3,0.039473684210526314,30,11,8,3667,3028,48.25
bazelbuild/bazel,OSS,1304,74,0.05674846625766871,0.8018498592000732,698,0.5352760736196319,0.9105655179300971,17,59,0.04524539877300614,392,128,86,43679,35024,33.49616564417178
confluentinc/confluent-kafka-python,OSS,134,14,0.1044776119402985,0.8022426095820592,86,0.6417910447761194,0.8056278241818431,3,9,0.06716417910447761,37,10,1,981,787,7.32089552238806
sc-forks/solidity-coverage,OSS,56,3,0.05357142857142857,0.8699902248289345,37,0.6607142857142857,0.9026148582600195,1,2,0.03571428571428571,14,3,2,1023,890,18.267857142857142
aws-actions/amazon-ecr-login,OSS,28,4,0.14285714285714285,0.8693045563549161,14,0.5,0.8503768413840356,1,1,0.03571428571428571,7,5,2,834,725,29.785714285714285
postmanlabs/openapi-to-postman,OSS,67,10,0.14925373134328357,0.8055555555555556,18,0.26865671641791045,0.8056740108978915,4,5,0.07462686567164178,20,22,7,2520,2030,37.61194029850746
claudehohl/Stikked,OSS,62,1,0.016129032258064516,0.811491935483871,31,0.5,0.8853407908428721,1,2,0.03225806451612903,28,2,1,992,805,16.0
dart-lang/site-www,OSS,418,11,0.02631578947368421,0.8067016184180533,302,0.722488038277512,0.8777886600580445,3,19,0.045454545454545456,95,13,8,4387,3539,10.495215311004785
sintaxi/harp,OSS,35,2,0.05714285714285714,0.8797736916548797,20,0.5714285714285714,0.8965851687209538,1,1,0.02857142857142857,12,2,1,707,622,20.2
actuallymentor/battery,OSS,36,5,0.1388888888888889,0.819672131147541,17,0.4722222222222222,0.793169398907104,1,3,0.08333333333333333,15,3,1,305,250,8.472222222222221
pablof7z/chardin.js,OSS,25,7,0.28,0.8110236220472441,14,0.56,0.6469291338582677,3,2,0.08,7,4,0,127,103,5.08
linuxmint/cinnamon,OSS,420,17,0.04047619047619048,0.8068895870736086,260,0.6190476190476191,0.9128879199794819,2,15,0.03571428571428571,105,46,9,8912,7191,21.21904761904762
ElasticHQ/elasticsearch-HQ,OSS,40,2,0.05,0.8296019900497512,28,0.7,0.9018656716417912,1,1,0.025,9,2,1,804,667,20.1
ampproject/amphtml,OSS,1238,54,0.04361873990306947,0.8004253810705424,641,0.5177705977382876,0.8904393199171456,17,7,0.005654281098546042,462,86,49,22568,18064,18.22940226171244
riot/riot,OSS,208,7,0.03365384615384615,0.8074812967581048,92,0.4423076923076923,0.8982495683867255,1,1,0.004807692307692308,92,20,4,4010,3238,19.278846153846153
apexcharts/apexcharts.js,OSS,251,2,0.00796812749003984,0.8059284116331096,162,0.6454183266932271,0.9056258188721624,1,6,0.02390438247011952,76,11,2,3576,2882,14.247011952191235
josdejong/mathjs,OSS,271,8,0.02952029520295203,0.8038674033149171,163,0.6014760147601476,0.9100962943331092,2,10,0.03690036900369004,78,22,8,5430,4365,20.03690036900369
paperjs/paper.js,OSS,96,2,0.020833333333333332,0.8793196544276458,54,0.5625,0.9621720887329013,1,1,0.010416666666666666,32,6,4,7408,6514,77.16666666666667
chinese-poetry/chinese-poetry,OSS,79,14,0.17721518987341772,0.8139904610492846,45,0.569620253164557,0.7712060534100742,3,3,0.0379746835443038,24,9,1,629,512,7.962025316455696
poteto/hiring-without-whiteboards,OSS,1150,722,0.6278260869565218,0.8,918,0.7982608695652174,0.4368118650954895,157,1,0.0008695652173913044,227,3,2,2140,1712,1.8608695652173912
agalwood/Motrix,OSS,73,1,0.0136986301369863,0.888034188034188,53,0.726027397260274,0.9175506380985832,1,16,0.2191780821917808,18,1,1,1170,1039,16.027397260273972
NARKOZ/hacker-scripts,OSS,57,27,0.47368421052631576,0.8,45,0.7894736842105263,0.5894736842105264,2,2,0.03508771929824561,11,1,0,150,120,2.6315789473684212
moment/moment,OSS,686,97,0.141399416909621,0.8006889763779528,424,0.6180758017492711,0.7867121679943068,3,3,0.004373177842565598,233,24,5,4064,3254,5.924198250728863
facebook/react,OSS,1932,47,0.024327122153209108,0.8001063264221159,1327,0.6868530020703933,0.8802575218739146,8,34,0.017598343685300208,501,75,29,20691,16555,10.709627329192546
trekhleb/javascript-algorithms,OSS,222,18,0.08108108108108109,0.8,184,0.8288288288288288,0.7914092664092665,1,2,0.009009009009009009,36,1,1,1120,896,5.045045045045045
Chalarangelo/30-seconds-of-code,OSS,482,6,0.012448132780082987,0.8124692209199251,278,0.5767634854771784,0.9300971076144942,2,2,0.004149377593360996,178,17,9,10153,8249,21.064315352697097
nodejs/node,OSS,4347,169,0.03887738670347366,0.8003578617758891,2851,0.6558546123763515,0.8698893263886993,20,121,0.02783528870485392,1196,241,59,44712,35784,10.285714285714286
mrdoob/three.js,OSS,2360,40,0.01694915254237288,0.8005563221411832,1245,0.527542372881356,0.9147230379955475,3,68,0.0288135593220339,891,193,31,45657,36551,19.346186440677965
alexanderjeurissen/ranger_devicons,OSS,34,13,0.38235294117647056,0.8055555555555556,27,0.7941176470588235,0.6514161220043575,1,1,0.029411764705882353,6,1,0,108,87,3.176470588235294
jonrau1/ElectricEye,OSS,23,3,0.13043478260869565,0.838150289017341,7,0.30434782608695654,0.8398181361237407,1,3,0.13043478260869565,6,7,3,1903,1595,82.73913043478261
python-hyper/h2,OSS,60,2,0.03333333333333333,0.802536231884058,29,0.48333333333333334,0.9142109500805153,1,4,0.06666666666666667,23,6,2,1656,1329,27.6
unitedstates/congress,OSS,48,4,0.08333333333333333,0.8209718670076727,19,0.3958333333333333,0.8476129582267691,2,2,0.041666666666666664,22,5,2,782,642,16.291666666666668
paul-nameless/tg,OSS,21,3,0.14285714285714285,0.9186046511627907,13,0.6190476190476191,0.8479143595422665,1,2,0.09523809523809523,4,2,2,516,474,24.571428571428573
landing-ai/vision-agent,OSS,30,4,0.13333333333333333,0.8255494505494505,10,0.3333333333333333,0.817032967032967,2,8,0.26666666666666666,13,5,2,728,601,24.266666666666666
commonmark/commonmark-spec,OSS,109,2,0.01834862385321101,0.8667754214246873,69,0.6330275229357798,0.9171717776414186,1,2,0.01834862385321101,36,2,2,1839,1594,16.871559633027523
lyst/lightfm,OSS,47,6,0.1276595744680851,0.8219461697722568,23,0.48936170212765956,0.8137967490418925,1,3,0.06382978723404255,18,5,1,483,397,10.27659574468085
awslabs/gluonts,OSS,117,17,0.1452991452991453,0.8064733648010789,54,0.46153846153846156,0.8050901671940107,3,3,0.02564102564102564,44,17,2,1483,1196,12.675213675213675
wger-project/wger,OSS,262,2,0.007633587786259542,0.8420601908490335,136,0.5190839694656488,0.943386869930164,1,19,0.07251908396946564,102,20,4,8175,6883,31.202290076335878
smicallef/spiderfoot,OSS,60,5,0.08333333333333333,0.8634420096205238,30,0.5,0.8973899875289506,2,2,0.03333333333333333,16,8,6,3742,3231,62.36666666666667
chidiwilliams/buzz,OSS,24,2,0.08333333333333333,0.9204737732656514,15,0.625,0.8776790750141004,1,6,0.25,6,1,2,591,544,24.625
marimo-team/marimo,OSS,161,4,0.024844720496894408,0.8163057324840765,108,0.6708074534161491,0.9306199311627172,2,47,0.2919254658385093,40,8,5,3925,3204,24.37888198757764
ActivityWatch/activitywatch,OSS,33,1,0.030303030303030304,0.8832684824902723,20,0.6060606060606061,0.9213536139606178,1,1,0.030303030303030304,9,3,1,1028,908,31.151515151515152
lra/mackup,OSS,475,114,0.24,0.8003412969283277,263,0.5536842105263158,0.7267235494880546,3,6,0.01263157894736842,194,17,1,2344,1876,4.934736842105263
RVC-Boss/GPT-SoVITS,OSS,106,13,0.12264150943396226,0.8071216617210683,56,0.5283018867924528,0.8245059067241476,1,16,0.1509433962264151,40,9,1,1011,816,9.537735849056604
microsoft/autogen,OSS,530,55,0.10377358490566038,0.8016064257028113,355,0.6698113207547169,0.8044398979566061,8,49,0.09245283018867924,133,34,8,3735,2994,7.047169811320755
Asabeneh/30-Days-Of-Python,OSS,19,2,0.10526315789473684,0.835214446952596,3,0.15789473684210525,0.8230961150053464,1,2,0.10526315789473684,14,1,1,443,370,23.31578947368421
charlax/professional-programming,OSS,34,1,0.029411764705882353,0.9070796460176991,26,0.7647058823529411,0.8935450286309214,1,1,0.029411764705882353,7,0,1,452,410,13.294117647058824
minimaxir/big-list-of-naughty-strings,OSS,82,29,0.35365853658536583,0.8021978021978022,52,0.6341463414634146,0.6439292414902171,2,2,0.024390243902439025,29,0,1,273,219,3.3292682926829267
public-apis/public-apis,OSS,1375,468,0.34036363636363637,0.8000440917107584,976,0.7098181818181818,0.6609530222863556,10,1,0.0007272727272727272,378,14,7,4536,3629,3.298909090909091
vinta/awesome-python,OSS,445,127,0.2853932584269663,0.8009506833036245,301,0.6764044943820224,0.7002797305507154,2,1,0.0022471910112359553,141,1,2,1683,1348,3.7820224719101123
TheAlgorithms/Python,OSS,1282,573,0.4469578783151326,0.8001691093573844,871,0.6794071762870515,0.5746978808126395,85,13,0.01014040561622465,377,31,3,3553,2839,2.7714508580343216
Significant-Gravitas/AutoGPT,OSS,806,30,0.03722084367245657,0.8029591691563522,581,0.7208436724565757,0.8549552068407134,8,24,0.02977667493796526,181,27,17,7029,5644,8.720843672456576
AUTOMATIC1111/stable-diffusion-webui,OSS,653,61,0.09341500765696784,0.8006242684354272,296,0.45329249617151607,0.8413032918090462,3,29,0.0444104134762634,282,68,7,7689,6156,11.774885145482388
MCreator/MCreator,OSS,58,4,0.06896551724137931,0.8126964173475801,21,0.3620689655172414,0.9122434383059885,2,10,0.1724137931034483,20,9,8,6364,5172,109.72413793103448
sylvainhalle/textidote,OSS,33,2,0.06060606060606061,0.8366013071895425,25,0.7575757575757576,0.8512576747870866,1,3,0.09090909090909091,5,2,1,306,256,9.272727272727273
togglz/togglz,OSS,114,4,0.03508771929824561,0.8233355306526038,68,0.5964912280701754,0.8808069944141832,2,2,0.017543859649122806,39,4,3,1517,1249,13.307017543859649
apache/mina-sshd,OSS,105,3,0.02857142857142857,0.8428104575163399,70,0.6666666666666666,0.9333395580454404,2,7,0.06666666666666667,26,5,4,3060,2579,29.142857142857142
antlr/stringtemplate4,OSS,35,3,0.08571428571428572,0.8579940417080437,17,0.4857142857142857,0.8796141296637823,1,2,0.05714285714285714,12,3,3,1007,864,28.771428571428572
jankotek/mapdb,OSS,47,1,0.02127659574468085,0.9615736505032022,28,0.5957446808510638,0.9522298573124917,1,1,0.02127659574468085,18,0,1,2186,2102,46.51063829787234
killbill/killbill,OSS,66,4,0.06060606060606061,0.8086025729156437,17,0.25757575757575757,0.9096816143364312,2,5,0.07575757575757576,29,7,13,10183,8234,154.28787878787878
JodaOrg/joda-time,OSS,112,2,0.017857142857142856,0.8953084274543874,83,0.7410714285714286,0.9320156385751521,1,2,0.017857142857142856,23,4,2,2302,2061,20.553571428571427
react-native-linear-gradient/react-native-linear-gradient,OSS,109,20,0.1834862385321101,0.8037037037037037,72,0.6605504587155964,0.7288820931022766,4,1,0.009174311926605505,28,8,1,540,434,4.954128440366972
neo4j/neo4j,OSS,379,42,0.11081794195250659,0.8029283152360831,79,0.20844327176781002,0.8633562217883384,13,73,0.19261213720316622,112,94,94,81412,65368,214.80738786279684
quarkusio/quarkus,OSS,1316,24,0.0182370820668693,0.8009515667397687,706,0.5364741641337386,0.9472287415093761,6,105,0.0797872340425532,469,97,44,53806,43096,40.88601823708207
apache/pulsar,OSS,763,74,0.09698558322411534,0.8019707331421428,348,0.45609436435124506,0.8480276236486048,20,36,0.047182175622542594,272,109,34,13599,10906,17.823066841415464
elastic/logstash,OSS,593,27,0.045531197301854974,0.805029187247418,313,0.5278246205733558,0.8943787383264261,7,14,0.023608768971332208,212,44,24,11135,8964,18.777403035413155
hdodenhof/CircleImageView,OSS,15,1,0.06666666666666667,0.88125,11,0.7333333333333333,0.8391666666666666,1,1,0.06666666666666667,3,0,1,160,141,10.666666666666666
ReactiveX/RxJava,OSS,340,13,0.03823529411764706,0.8096153846153846,209,0.6147058823529412,0.9060350678733031,3,3,0.008823529411764706,96,24,11,6240,5052,18.352941176470587
skylot/jadx,OSS,153,4,0.026143790849673203,0.8066453162530024,82,0.5359477124183006,0.898449478537078,1,15,0.09803921568627451,55,15,1,2498,2015,16.326797385620914
dbeaver/dbeaver,OSS,446,7,0.01569506726457399,0.8039287279100336,243,0.5448430493273543,0.9574108918769701,2,28,0.06278026905829596,142,41,20,27388,22018,61.408071748878925
termux/termux-app,OSS,92,3,0.03260869565217391,0.8172623061362104,49,0.532608695652174,0.8918393972265384,2,2,0.021739130434782608,37,4,2,1483,1212,16.119565217391305
jeecgboot/JeecgBoot,OSS,31,3,0.0967741935483871,0.9248853211009175,17,0.5483870967741935,0.8939035217519977,2,3,0.0967741935483871,9,2,3,1744,1613,56.25806451612903
Snailclimb/JavaGuide,OSS,700,31,0.04428571428571428,0.8011615989067304,452,0.6457142857142857,0.8486295085167652,4,16,0.022857142857142857,215,26,7,5854,4690,8.362857142857143
doocs/advanced-java,OSS,53,3,0.05660377358490566,0.8041237113402062,30,0.5660377358490566,0.8670005835440575,2,2,0.03773584905660377,17,4,2,776,624,14.641509433962264
spring-projects/spring-boot,OSS,1423,5,0.0035137034434293743,0.8179879511648984,1027,0.7217146872803936,0.9675328956287021,2,38,0.026704146170063246,335,43,18,56271,46029,39.543921293042864
MisterBooo/LeetCodeAnimation,OSS,24,8,0.3333333333333333,0.8211382113821138,7,0.2916666666666667,0.6534552845528454,3,1,0.041666666666666664,12,5,0,246,202,10.25
elastic/elasticsearch,OSS,2244,73,0.03253119429590018,0.8005182812977402,1331,0.5931372549019608,0.9345109296904011,23,175,0.07798573975044563,626,168,119,88369,70741,39.3801247771836
planetscale/vtprotobuf,OSS,30,9,0.3,0.8194444444444444,10,0.3333333333333333,0.6577160493827159,3,3,0.1,16,4,0,216,177,7.2
projectdiscovery/tlsx,OSS,25,3,0.12,0.8490566037735849,12,0.48,0.8725322740814299,1,5,0.2,6,6,1,1007,855,40.28
trpc-group/trpc-go,OSS,19,4,0.21052631578947367,0.8711656441717791,10,0.5263157894736842,0.7432999677106877,2,3,0.15789473684210525,5,4,0,163,142,8.578947368421053
tinkerbell/tink,OSS,60,8,0.13333333333333333,0.8012295081967213,21,0.35,0.8190403005464482,4,1,0.016666666666666666,21,12,6,1952,1564,32.53333333333333
juruen/rmapi,OSS,34,2,0.058823529411764705,0.8168103448275862,25,0.7352941176470589,0.8605476673427992,2,1,0.029411764705882353,5,2,2,464,379,13.647058823529411
trustwallet/assets,OSS,4171,1140,0.27331575161831695,0.8,3280,0.7863821625509471,0.7070442951801257,10,23,0.005514265164229201,834,43,14,15157,12124,3.633900743227044
travisjeffery/jocko,OSS,22,1,0.045454545454545456,0.9191729323308271,12,0.5454545454545454,0.9025974025974026,1,1,0.045454545454545456,9,0,1,532,489,24.181818181818183
kubernetes-sigs/descheduler,OSS,171,9,0.05263157894736842,0.8066385669125395,102,0.5964912280701754,0.8611342194615448,3,7,0.04093567251461988,54,9,6,1898,1531,11.099415204678362
KubeOperator/KubeOperator,OSS,33,5,0.15151515151515152,0.8370646766169154,9,0.2727272727272727,0.8309117292326247,2,1,0.030303030303030304,8,8,8,6432,5384,194.9090909090909
vugu/vugu,OSS,25,2,0.08,0.8604269293924466,11,0.44,0.860295566502463,1,3,0.12,10,2,2,609,524,24.36
Genymobile/scrcpy,OSS,162,1,0.006172839506172839,0.895826025955805,119,0.7345679012345679,0.9317306901195594,1,6,0.037037037037037035,40,2,1,2851,2554,17.598765432098766
netdata/netdata,OSS,681,15,0.022026431718061675,0.8107716809034313,413,0.6064610866372981,0.9378589088045561,4,24,0.03524229074889868,195,49,24,20721,16800,30.427312775330396
redis/redis,OSS,865,19,0.021965317919075144,0.8043957775326926,545,0.630057803468208,0.9050575074838505,2,36,0.04161849710982659,258,49,13,12694,10211,14.67514450867052
ventoy/Ventoy,OSS,122,4,0.03278688524590164,0.8009049773755657,79,0.6475409836065574,0.8574660633484164,1,2,0.01639344262295082,39,3,1,1105,885,9.057377049180328
obsproject/obs-studio,OSS,761,22,0.02890932982917214,0.800877601223323,451,0.5926412614980289,0.9116747119852255,5,25,0.0328515111695138,230,56,24,15041,12046,19.76478318002628
avelino/awesome-go,OSS,2236,1223,0.5469588550983899,0.8,1587,0.7097495527728086,0.5082783386635632,217,30,0.013416815742397137,626,19,4,5065,4052,2.26520572450805
ollama/ollama,OSS,512,10,0.01953125,0.8003613369467028,417,0.814453125,0.8684984050361337,3,44,0.0859375,76,12,7,4428,3544,8.6484375
golang/go,OSS,2722,73,0.026818515797207936,0.8006137865911237,1558,0.5723732549595886,0.9203588799640694,14,97,0.035635562086700955,845,242,77,63540,50871,23.34313005143277
kubernetes/kubernetes,OSS,4966,234,0.04712041884816754,0.8004368004368004,2168,0.43656866693515906,0.9027426509974503,23,203,0.04087797019734193,1913,710,175,131868,105552,26.554168344744262
fatedier/frp,OSS,137,1,0.0072992700729927005,0.8139880952380952,100,0.7299270072992701,0.87983359402155,1,4,0.029197080291970802,33,3,1,1344,1094,9.81021897810219
openfarmcc/OpenFarm,OSS4SG,71,6,0.08450704225352113,0.8298811544991511,22,0.30985915492957744,0.8814749276644587,2,1,0.014084507042253521,36,7,6,2945,2444,41.478873239436616
openfoodfacts/openfoodfacts-androidapp,OSS4SG,167,4,0.023952095808383235,0.805351401010565,63,0.3772455089820359,0.9276100990485727,1,1,0.005988023952095809,68,30,6,8708,7013,52.1437125748503
electricitymaps/electricitymaps-contrib,OSS4SG,435,31,0.07126436781609195,0.8004956629491945,225,0.5172413793103449,0.8663340882223078,5,33,0.07586206896551724,151,48,11,6456,5168,14.841379310344827
onaio/onadata,OSS4SG,97,17,0.17525773195876287,0.8105659772326439,17,0.17525773195876287,0.7990872561319298,5,4,0.041237113402061855,20,34,26,12474,10111,128.5979381443299
opendatateam/udata,OSS4SG,64,6,0.09375,0.8279505878851019,17,0.265625,0.8848577727340379,1,9,0.140625,21,17,9,6719,5563,104.984375
nordic-institute/X-Road,OSS4SG,103,18,0.17475728155339806,0.806390977443609,10,0.0970873786407767,0.7904576976421636,7,14,0.13592233009708737,38,29,26,13300,10725,129.126213592233
sugarlabs/musicblocks,OSS4SG,332,16,0.04819277108433735,0.8062195895917073,153,0.4608433734939759,0.9084603699332978,1,14,0.04216867469879518,107,65,7,9454,7622,28.47590361445783
openMF/android-client,OSS4SG,126,22,0.1746031746031746,0.8061079545454546,46,0.36507936507936506,0.7813965548340549,4,5,0.03968253968253968,60,17,3,1408,1135,11.174603174603174
consuldemocracy/consuldemocracy,OSS4SG,191,14,0.07329842931937172,0.8075698966851099,66,0.34554973821989526,0.9026969644377438,5,6,0.031413612565445025,71,27,27,20423,16493,106.92670157068063
tidepool-org/uploader,OSS4SG,50,4,0.08,0.8106258442143178,0,0.0,0.8845943268797838,1,2,0.04,13,23,14,22210,18004,444.2
cboard-org/cboard,OSS4SG,91,6,0.06593406593406594,0.831839521980367,40,0.43956043956043955,0.9089033032695004,2,9,0.0989010989010989,31,13,7,4686,3898,51.494505494505496
instedd/planwise,OSS4SG,23,5,0.21739130434782608,0.8433223218499292,3,0.13043478260869565,0.7652502205716396,2,3,0.13043478260869565,9,6,5,2119,1787,92.1304347826087
radiantearth/stac-browser,OSS4SG,44,2,0.045454545454545456,0.8907407407407407,29,0.6590909090909091,0.9156986531986533,1,7,0.1590909090909091,10,3,2,1080,962,24.545454545454547
openMF/community-app,OSS4SG,231,28,0.12121212121212122,0.8033675799086758,88,0.38095238095238093,0.8260145486172883,6,1,0.004329004329004329,102,35,6,3504,2815,15.168831168831169
hotosm/tasking-manager,OSS4SG,154,27,0.17532467532467533,0.8015674503918626,43,0.2792207792207792,0.7814697391986036,10,11,0.07142857142857142,49,45,17,5997,4807,38.94155844155844
iHRIS/iHRIS,OSS4SG,17,5,0.29411764705882354,0.8384236453201971,0,0.0,0.6703564184294408,3,1,0.058823529411764705,5,6,6,2030,1702,119.41176470588235
GFDRR/thinkhazard,OSS4SG,16,4,0.25,0.801098230628432,0,0.0,0.6865848078096399,2,2,0.125,5,6,5,1639,1313,102.4375
MuckRock/muckrock,OSS4SG,26,2,0.07692307692307693,0.9639154216670749,12,0.46153846153846156,0.9213279576982736,1,5,0.19230769230769232,6,4,4,12249,11807,471.11538461538464
muzima/muzima-android,OSS4SG,46,12,0.2608695652173913,0.8042758205359831,6,0.13043478260869565,0.7059358757838785,5,5,0.10869565217391304,11,19,10,3321,2671,72.19565217391305
OpenSourcePolitics/decidim,OSS4SG,89,13,0.14606741573033707,0.806287170773152,24,0.2696629213483146,0.8161039142872599,5,20,0.2247191011235955,36,21,8,3531,2847,39.674157303370784
llaske/sugarizer,OSS4SG,190,20,0.10526315789473684,0.8056382419891438,56,0.29473684210526313,0.8607627017113788,2,7,0.03684210526315789,85,43,6,5711,4601,30.057894736842105
liberapay/liberapay.com,OSS4SG,689,19,0.027576197387518143,0.8005806919912897,345,0.5007256894049347,0.9260400816536658,2,36,0.05224963715529753,237,88,19,20665,16544,29.99274310595065
HTBox/MobileKidsIdApp,OSS4SG,36,7,0.19444444444444445,0.8093480934809348,11,0.3055555555555556,0.7817753177531777,1,1,0.027777777777777776,14,10,1,813,658,22.583333333333332
openmrs/openmrs-core,OSS4SG,519,21,0.04046242774566474,0.803962129047657,206,0.3969171483622351,0.8991737478099695,5,22,0.04238921001926782,245,49,19,12569,10105,24.217726396917147
insight-lane/crash-model,OSS4SG,28,4,0.14285714285714285,0.8215400624349636,9,0.32142857142857145,0.8277092314553292,2,2,0.07142857142857142,10,4,5,1922,1579,68.64285714285714
SFDigitalServices/sf-dahlia-web,OSS4SG,48,11,0.22916666666666666,0.8023255813953488,0,0.0,0.7591362126245849,3,9,0.1875,14,15,19,9632,7728,200.66666666666666
usetania/tania-core,OSS4SG,23,6,0.2608695652173913,0.8271908271908271,8,0.34782608695652173,0.7405903927643058,2,1,0.043478260869565216,3,8,4,1221,1010,53.08695652173913
mapswipe/mapswipe,OSS4SG,39,5,0.1282051282051282,0.8164588528678304,10,0.2564102564102564,0.8456806701195729,1,4,0.10256410256410256,12,14,3,2005,1637,51.41025641025641
public-accountability/littlesis-rails,OSS4SG,16,2,0.125,0.848145285935085,2,0.125,0.8591415507470377,1,4,0.25,4,4,6,7764,6585,485.25
betagouv/aides-jeunes,OSS4SG,64,11,0.171875,0.8147701218776396,11,0.171875,0.8052276909617473,4,6,0.09375,19,17,17,8287,6752,129.484375
medic/cht-core,OSS4SG,119,8,0.06722689075630252,0.8154712605598807,0,0.0,0.9003859950473481,2,13,0.1092436974789916,63,31,25,24148,19692,202.92436974789916
Datawheel/canon,OSS4SG,22,3,0.13636363636363635,0.8233861144945189,3,0.13636363636363635,0.8197320341047503,2,2,0.09090909090909091,8,5,6,4926,4056,223.9090909090909
betagouv/api.gouv.fr,OSS4SG,137,21,0.15328467153284672,0.804681194511703,40,0.291970802919708,0.7932894630902796,7,1,0.0072992700729927005,49,38,10,3717,2991,27.131386861313867
osm-search/Nominatim,OSS4SG,124,2,0.016129032258064516,0.8360339506172839,0,0.0,0.9480380077658304,1,4,0.03225806451612903,99,21,4,10368,8668,83.61290322580645
tidepool-org/viz,OSS4SG,24,4,0.16666666666666666,0.8200870985302123,4,0.16666666666666666,0.807929595354745,2,8,0.3333333333333333,8,5,7,3674,3013,153.08333333333334
camicroscope/caMicroscope,OSS4SG,99,12,0.12121212121212122,0.8131634819532909,27,0.2727272727272727,0.841095210521962,3,1,0.010101010101010102,43,23,6,3297,2681,33.303030303030305
OpenRefine/OpenRefine,OSS4SG,421,16,0.03800475059382423,0.8072166118234426,202,0.47980997624703087,0.8977948522925401,4,11,0.026128266033254157,169,37,13,8813,7114,20.93349168646081
enketo/enketo-express,OSS4SG,36,1,0.027777777777777776,0.8221722003376477,17,0.4722222222222222,0.926702307259426,1,1,0.027777777777777776,14,3,2,1777,1461,49.361111111111114
rubyforgood/human-essentials,OSS4SG,499,55,0.11022044088176353,0.800373939306774,190,0.3807615230460922,0.8282124438723557,8,34,0.06813627254509018,233,65,11,6953,5565,13.933867735470942
ShelterTechSF/askdarcel-api,OSS4SG,43,11,0.2558139534883721,0.8126582278481013,6,0.13953488372093023,0.6997939358257286,4,1,0.023255813953488372,23,12,2,790,642,18.372093023255815
openml/OpenML,OSS4SG,40,7,0.175,0.8113207547169812,8,0.2,0.8060248713550602,2,2,0.05,12,16,4,2332,1892,58.3
OperationCode/front-end,OSS4SG,180,9,0.05,0.807087397969341,85,0.4722222222222222,0.9045822549605149,1,1,0.005555555555555556,56,36,3,5023,4054,27.905555555555555
JustFixNYC/who-owns-what,OSS4SG,20,5,0.25,0.8370239149689991,6,0.3,0.6883525243578388,3,2,0.1,5,4,5,1129,945,56.45
enketo/enketo-core,OSS4SG,34,1,0.029411764705882353,0.8409616273693944,16,0.47058823529411764,0.9324331674417341,1,1,0.029411764705882353,12,4,2,2163,1819,63.61764705882353
dimagi/commcare-cloud,OSS4SG,130,18,0.13846153846153847,0.8111872748044644,16,0.12307692307692308,0.8363354898024025,6,19,0.14615384615384616,38,46,30,22758,18461,175.06153846153848
opendatacube/datacube-core,OSS4SG,103,9,0.08737864077669903,0.810126582278481,26,0.2524271844660194,0.8683469497892076,4,8,0.07766990291262135,42,23,12,7268,5888,70.5631067961165
Bahmni/bahmni-core,OSS4SG,178,45,0.25280898876404495,0.8015787585217079,48,0.2696629213483146,0.6864273533218033,18,1,0.0056179775280898875,69,58,3,2787,2234,15.657303370786517
wevote/WeVoteServer,OSS4SG,103,4,0.038834951456310676,0.8137269593885809,16,0.1553398058252427,0.8989566707744148,1,6,0.05825242718446602,45,38,4,6673,5430,64.7864077669903
SEED-platform/seed,OSS4SG,72,12,0.16666666666666666,0.8024366728021737,10,0.1388888888888889,0.8083031427430587,4,8,0.1111111111111111,21,19,22,11409,9155,158.45833333333334
radiantearth/stac-spec,OSS4SG,75,6,0.08,0.8128491620111732,21,0.28,0.8696296296296295,2,4,0.05333333333333334,32,18,4,3222,2619,42.96
LoopKit/LoopKit,OSS4SG,40,4,0.1,0.803003003003003,9,0.225,0.8552402402402404,2,3,0.075,22,5,4,1665,1337,41.625
NREL/EnergyPlus,OSS4SG,155,20,0.12903225806451613,0.8023801913004992,34,0.21935483870967742,0.84060888098171,8,14,0.09032258064516129,37,37,47,40669,32632,262.3806451612903
nvaccess/nvda,OSS4SG,258,8,0.031007751937984496,0.8170138607441031,92,0.35658914728682173,0.9446654137393471,3,35,0.13565891472868216,103,44,19,24676,20159,95.64341085271317
dimagi/commcare-android,OSS4SG,63,11,0.1746031746031746,0.8242966751918158,12,0.19047619047619047,0.8146591970121382,3,12,0.19047619047619047,10,20,21,15640,12892,248.25396825396825
avniproject/avni-server,OSS4SG,53,8,0.1509433962264151,0.8069958847736626,9,0.16981132075471697,0.7995496544762792,4,5,0.09433962264150944,19,16,9,4860,3922,91.69811320754717
mysociety/alaveteli,OSS4SG,95,8,0.08421052631578947,0.8040709966075028,32,0.3368421052631579,0.8970052349517779,3,3,0.031578947368421054,32,14,17,20339,16354,214.09473684210528
chaynHQ/soulmedicine,OSS4SG,22,5,0.22727272727272727,0.8754119973632168,7,0.3181818181818182,0.7536105950740097,3,1,0.045454545454545456,7,3,5,1517,1328,68.95454545454545
dimagi/commcare-hq,OSS4SG,259,26,0.10038610038610038,0.8010801080108011,37,0.14285714285714285,0.8678123248211835,9,38,0.14671814671814673,43,80,99,189981,152190,733.5173745173745
resource-watch/resource-watch,OSS4SG,43,5,0.11627906976744186,0.8110072689511942,6,0.13953488372093023,0.8494503342000264,2,2,0.046511627906976744,11,17,9,8667,7029,201.5581395348837
opencrvs/opencrvs-core,OSS4SG,109,20,0.1834862385321101,0.8104544988201497,10,0.09174311926605505,0.7770953753824983,7,25,0.22935779816513763,23,44,32,19494,15799,178.8440366972477
JustFixNYC/tenants2,OSS4SG,21,1,0.047619047619047616,0.8116797900262467,0,0.0,0.8818272715910511,1,1,0.047619047619047616,12,6,3,3048,2474,145.14285714285714
opensrp/opensrp-client-core,OSS4SG,70,16,0.22857142857142856,0.8117732558139535,10,0.14285714285714285,0.7426010520487265,5,3,0.04285714285714286,24,24,12,4128,3351,58.97142857142857
getodk/collect,OSS4SG,200,5,0.025,0.8012533572068039,80,0.4,0.9469856759176367,2,3,0.015,78,30,12,16755,13425,83.775
openstreetmap/openstreetmap-website,OSS4SG,291,9,0.030927835051546393,0.8008695652173913,120,0.41237113402061853,0.9348031276457991,2,22,0.07560137457044673,108,48,15,17250,13815,59.27835051546392
OneBusAway/onebusaway-android,OSS4SG,59,4,0.06779661016949153,0.8420458819104927,26,0.4406779661016949,0.9003894671757575,2,4,0.06779661016949153,18,10,5,2659,2239,45.067796610169495
unicef/etools,OSS4SG,54,9,0.16666666666666666,0.8164754953076121,2,0.037037037037037035,0.7856407229017586,4,7,0.12962962962962962,18,11,23,20139,16443,372.94444444444446
dhis2/dhis2-core,OSS4SG,116,19,0.16379310344827586,0.8041767987412387,26,0.22413793103448276,0.8155719915753752,7,21,0.1810344827586207,36,25,29,13982,11244,120.53448275862068
CenterForOpenScience/SHARE,OSS4SG,50,5,0.1,0.8185591461606878,12,0.24,0.865490661132523,2,3,0.06,19,13,6,3373,2761,67.46
learningequality/kolibri,OSS4SG,270,18,0.06666666666666667,0.8040842941403124,64,0.23703703703703705,0.9087183422196314,5,24,0.08888888888888889,101,69,36,33739,27129,124.95925925925926
scratchfoundation/scratch-vm,OSS4SG,85,10,0.11764705882352941,0.8214553638409603,23,0.27058823529411763,0.8691988123081191,2,3,0.03529411764705882,26,22,14,9331,7665,109.7764705882353
azavea/raster-vision,OSS4SG,43,4,0.09302325581395349,0.8361286774814407,21,0.4883720930232558,0.8899361216438286,2,1,0.023255813953488372,11,6,5,3637,3041,84.5813953488372
mysociety/fixmystreet,OSS4SG,80,8,0.1,0.818370658876988,22,0.275,0.8869563453424214,2,10,0.125,24,18,16,15405,12607,192.5625
openMF/web-app,OSS4SG,126,24,0.19047619047619047,0.8059016393442623,50,0.3968253968253968,0.7662815508717149,6,20,0.15873015873015872,48,25,3,1525,1229,12.103174603174603
openoakland/openbudgetoakland,OSS4SG,26,5,0.19230769230769232,0.857,10,0.38461538461538464,0.794153846153846,2,2,0.07692307692307693,8,5,3,1000,857,38.46153846153846
sugarlabs/turtleart-activity,OSS4SG,56,2,0.03571428571428571,0.8775358733300347,17,0.30357142857142855,0.9308245564430622,1,5,0.08928571428571429,24,13,2,4042,3547,72.17857142857143
unep-grid/mapx,OSS4SG,17,1,0.058823529411764705,0.9490297542043985,4,0.23529411764705882,0.9192298911802754,1,1,0.058823529411764705,6,6,1,3865,3668,227.35294117647058
5calls/ios,OSS4SG,36,7,0.19444444444444445,0.804755944931164,6,0.16666666666666666,0.7557711027673482,2,3,0.08333333333333333,18,10,2,799,643,22.194444444444443
kobotoolbox/kobocat,OSS4SG,93,13,0.13978494623655913,0.8019628801865708,13,0.13978494623655913,0.8171228017382346,5,4,0.043010752688172046,29,31,20,10291,8253,110.65591397849462
mosip/commons,OSS4SG,295,79,0.2677966101694915,0.8003823820988528,36,0.12203389830508475,0.6981562605767178,28,1,0.003389830508474576,65,112,82,28244,22606,95.74237288135593
openstates/openstates-scrapers,OSS4SG,240,15,0.0625,0.8091861327400816,0,0.0,0.9030728587319243,5,5,0.020833333333333332,126,78,36,43152,34918,179.8
code4romania/seismic-risc,OSS4SG,50,11,0.22,0.8046875,17,0.34,0.741015625,3,4,0.08,26,6,1,512,412,10.24
catalyst-cooperative/pudl,OSS4SG,61,9,0.14754098360655737,0.8016490208938443,12,0.19672131147540983,0.8317878882364416,2,13,0.21311475409836064,14,20,15,10673,8556,174.9672131147541
digidem/mapeo-desktop,OSS4SG,26,5,0.19230769230769232,0.8893740902474527,7,0.2692307692307692,0.7988467136938753,2,2,0.07692307692307693,11,3,5,1374,1222,52.84615384615385
openMF/mifos-mobile,OSS4SG,155,27,0.17419354838709677,0.8027043638598648,64,0.4129032258064516,0.7662787239526538,7,10,0.06451612903225806,62,26,3,1627,1306,10.496774193548386
ushahidi/platform,OSS4SG,94,10,0.10638297872340426,0.8156440022111664,27,0.2872340425531915,0.8763658068993094,3,2,0.02127659574468085,36,17,14,7236,5902,76.97872340425532
code4romania/redirectioneaza,OSS4SG,23,5,0.21739130434782608,0.8301743745261562,5,0.21739130434782608,0.763424201470152,2,5,0.21739130434782608,7,7,4,1319,1095,57.34782608695652
rapidpro/ureport,OSS4SG,41,2,0.04878048780487805,0.840725365960236,8,0.1951219512195122,0.9188785923253595,1,3,0.07317073170731707,20,9,4,4577,3848,111.63414634146342
WildMeOrg/Wildbook,OSS4SG,79,11,0.13924050632911392,0.815250513783573,7,0.08860759493670886,0.8169046681420096,4,9,0.11392405063291139,21,34,17,14111,11504,178.62025316455697
farmOS/farmOS,OSS4SG,57,1,0.017543859649122806,0.8187014174668495,30,0.5263157894736842,0.9640138297274965,1,2,0.03508771929824561,20,4,3,8748,7162,153.47368421052633
openmrs/openmrs-contrib-android-client,OSS4SG,110,19,0.17272727272727273,0.8135719612229679,49,0.44545454545454544,0.7647820486746661,7,2,0.01818181818181818,37,21,3,1341,1091,12.190909090909091
scratchfoundation/scratch-gui,OSS4SG,112,10,0.08928571428571429,0.8101816516562357,32,0.2857142857142857,0.885362376518307,3,3,0.026785714285714284,36,28,16,13102,10615,116.98214285714286
radicallyopensecurity/pentext,OSS4SG,17,3,0.17647058823529413,0.8436516264428122,1,0.058823529411764705,0.7797049564841676,1,3,0.17647058823529413,7,7,2,953,804,56.05882352941177
OpenLMIS/openlmis-ref-distro,OSS4SG,73,25,0.3424657534246575,0.8093065693430657,10,0.136986301369863,0.6182881711828816,9,1,0.0136986301369863,35,27,1,1096,887,15.013698630136986
marytts/marytts,OSS4SG,72,6,0.08333333333333333,0.8213472917614929,31,0.4305555555555556,0.8855826126536186,2,2,0.027777777777777776,22,12,7,4394,3609,61.02777777777778
Terrastories/terrastories,OSS4SG,111,29,0.26126126126126126,0.8008171603677222,35,0.3153153153153153,0.6986721144024515,6,3,0.02702702702702703,57,17,2,979,784,8.81981981981982
tidepool-org/blip,OSS4SG,56,6,0.10714285714285714,0.8000170125893161,12,0.21428571428571427,0.8577079181451417,3,6,0.10714285714285714,13,20,11,11756,9405,209.92857142857142
OpenUpSA/pmg-cms-2,OSS4SG,29,8,0.27586206896551724,0.8271983640081799,2,0.06896551724137931,0.695437557294972,3,4,0.13793103448275862,3,14,10,3912,3236,134.89655172413794
h5p/h5p-interactive-video,OSS4SG,100,10,0.1,0.8098106712564543,45,0.45,0.8518072289156626,4,9,0.09,36,12,7,2324,1882,23.24
ClimateWatch-Vizzuality/climate-watch,OSS4SG,50,12,0.24,0.8180251965112523,1,0.02,0.7128308388069344,5,2,0.04,9,24,16,9287,7597,185.74
wri/gfw,OSS4SG,118,19,0.16101694915254236,0.8124460431654676,17,0.1440677966101695,0.8203664187294233,5,3,0.025423728813559324,31,34,36,27800,22586,235.59322033898306
VOLTTRON/volttron,OSS4SG,151,18,0.11920529801324503,0.8043940467753367,30,0.1986754966887417,0.8445773745547049,7,5,0.033112582781456956,69,28,24,11288,9080,74.75496688741723
Recidiviz/pulse-data,OSS4SG,155,36,0.23225806451612904,0.8033711097048841,28,0.18064516129032257,0.7326045283397016,15,53,0.3419354838709677,42,36,49,17383,13965,112.14838709677419
Growstuff/growstuff,OSS4SG,117,7,0.05982905982905983,0.8182789000622942,29,0.24786324786324787,0.9082236719506454,3,2,0.017094017094017096,54,22,12,11237,9195,96.04273504273505
mapswipe/python-mapswipe-workers,OSS4SG,48,13,0.2708333333333333,0.8070796460176991,5,0.10416666666666667,0.6998279252704032,4,8,0.16666666666666666,11,25,7,3390,2736,70.625
OADA/server,OSS4SG,17,3,0.17647058823529413,0.8339719029374202,2,0.11764705882352941,0.7986627601232064,1,2,0.11764705882352941,4,7,4,1566,1306,92.11764705882354
sozialhelden/accessibility-cloud,OSS4SG,19,3,0.15789473684210525,0.8051441932969603,4,0.21052631578947367,0.8143742051934202,1,1,0.05263157894736842,7,6,2,1283,1033,67.52631578947368
rightoneducation/righton-app,OSS4SG,35,5,0.14285714285714285,0.8083198852429622,0,0.0,0.8285560593252903,1,4,0.11428571428571428,6,18,11,11154,9016,318.6857142857143
osm2pgsql-dev/osm2pgsql,OSS4SG,102,5,0.049019607843137254,0.8141497187364777,39,0.38235294117647056,0.9102332408515115,2,3,0.029411764705882353,40,16,7,4622,3763,45.31372549019608
primeroIMS/primero,OSS4SG,248,13,0.05241935483870968,0.8060182139270751,40,0.16129032258064516,0.9095487679963896,4,4,0.016129032258064516,112,69,27,28879,23277,116.4475806451613
ifmeorg/ifme,OSS4SG,401,64,0.1596009975062344,0.8011680382267056,161,0.4014962593516209,0.7893380432645491,5,5,0.012468827930174564,188,48,4,3767,3018,9.394014962593516
sozialhelden/wheelmap-frontend,OSS4SG,25,3,0.12,0.8320186970493719,0,0.0,0.8548758399065146,1,2,0.08,10,9,6,6846,5696,273.84
NREL/OpenStudio-server,OSS4SG,42,7,0.16666666666666666,0.8079434167573449,5,0.11904761904761904,0.808686114997323,3,3,0.07142857142857142,16,10,11,5514,4455,131.28571428571428
avniproject/avni-client,OSS4SG,50,8,0.16,0.8018456375838926,12,0.24,0.7888657718120806,4,4,0.08,10,15,13,5960,4779,119.2
RefugeRestrooms/refugerestrooms,OSS4SG,84,18,0.21428571428571427,0.8011272141706924,21,0.25,0.7285867648186488,6,1,0.011904761904761904,41,19,3,1242,995,14.785714285714286
jembi/openhim-core-js,OSS4SG,68,14,0.20588235294117646,0.8107247146270241,10,0.14705882352941177,0.7503669638813848,5,5,0.07352941176470588,24,22,12,3767,3054,55.39705882352941
publiclab/plots2,OSS4SG,1209,96,0.0794044665012407,0.8,953,0.7882547559966915,0.7981016450693872,6,5,0.0041356492969396195,202,45,9,6750,5400,5.583126550868486
CenterForOpenScience/osf.io,OSS4SG,229,21,0.09170305676855896,0.8013552132573647,36,0.1572052401746725,0.8759655637411974,8,13,0.056768558951965066,76,65,52,55637,44585,242.95633187772927
open-contracting/standard,OSS4SG,43,7,0.16279069767441862,0.835920177383592,9,0.20930232558139536,0.8217283441333356,3,2,0.046511627906976744,14,12,8,4059,3393,94.3953488372093
OpenEnergyDashboard/OED,OSS4SG,305,44,0.14426229508196722,0.8016553355010346,73,0.23934426229508196,0.8087098947001159,9,9,0.029508196721311476,149,70,13,6766,5424,22.18360655737705
kobotoolbox/kpi,OSS4SG,71,12,0.16901408450704225,0.8106242978655112,13,0.18309859154929578,0.8024122911114577,5,19,0.2676056338028169,17,15,26,18693,15153,263.28169014084506
OptiKey/OptiKey,OSS4SG,84,5,0.05952380952380952,0.8228346456692913,20,0.23809523809523808,0.8883202099737533,2,2,0.023809523809523808,38,21,5,3810,3135,45.357142857142854
openfoodfoundation/openfoodnetwork,OSS4SG,312,19,0.060897435897435896,0.8147656940760389,87,0.27884615384615385,0.9092449008894632,8,15,0.04807692307692308,134,57,34,33930,27645,108.75
ctt-gob-es/clienteafirma,OSS4SG,35,4,0.11428571428571428,0.8252551020408163,8,0.22857142857142856,0.8593132491091675,2,2,0.05714285714285714,13,6,8,7056,5823,201.6
WattTime/pyiso,OSS4SG,18,4,0.2222222222222222,0.8165503489531406,5,0.2777777777777778,0.7479228979727484,2,1,0.05555555555555555,4,6,3,1003,819,55.72222222222222
ShelterTechSF/askdarcel-web,OSS4SG,67,11,0.16417910447761194,0.803755299818292,16,0.23880597014925373,0.7837674136886734,4,3,0.04477611940298507,30,16,5,1651,1327,24.64179104477612
sugarlabs/sugar,OSS4SG,154,12,0.07792207792207792,0.813251503006012,59,0.38311688311688313,0.8966862296020612,3,5,0.032467532467532464,57,25,13,7984,6493,51.84415584415584
instedd/surveda,OSS4SG,37,8,0.21621621621621623,0.8010722347629797,3,0.08108108108108109,0.7237355866024038,4,3,0.08108108108108109,10,15,9,3544,2839,95.78378378378379
apache/fineract,OSS4SG,327,39,0.11926605504587157,0.8002267573696145,112,0.3425076452599388,0.8400902868792779,8,29,0.08868501529051988,120,78,17,8820,7058,26.972477064220183
openstreetmap/iD,OSS4SG,450,8,0.017777777777777778,0.8099042507775812,195,0.43333333333333335,0.9329493877606339,3,16,0.035555555555555556,195,46,14,16397,13280,36.437777777777775
owid/owid-grapher,OSS4SG,79,10,0.12658227848101267,0.8365319375787535,18,0.22784810126582278,0.8493699105445969,5,19,0.24050632911392406,19,25,17,20634,17261,261.1898734177215
Flowminder/FlowKit,OSS4SG,28,7,0.25,0.8302350813743219,3,0.10714285714285714,0.7175587703435804,3,3,0.10714285714285714,4,8,13,13825,11478,493.75
synthetichealth/synthea,OSS4SG,115,10,0.08695652173913043,0.8,35,0.30434782608695654,0.8690199572344977,3,6,0.05217391304347826,45,26,9,4880,3904,42.43478260869565
tidepool-org/platform,OSS4SG,20,4,0.2,0.8038815117466803,1,0.05,0.7433094994892748,2,4,0.2,5,9,5,1958,1574,97.9
Intelehealth/intelehealth-fhw-mobileapp,OSS4SG,31,9,0.2903225806451613,0.8097087378640777,3,0.0967741935483871,0.6728468524898215,3,2,0.06451612903225806,14,12,2,1030,834,33.225806451612904
magma/magma,OSS4SG,342,59,0.17251461988304093,0.8021097391446561,93,0.2719298245614035,0.7824094198480362,21,14,0.04093567251461988,114,99,36,12229,9809,35.75730994152047
rapidpro/rapidpro,OSS4SG,71,4,0.056338028169014086,0.8888651512561955,18,0.2535211267605634,0.9295570036180165,2,1,0.014084507042253521,26,16,11,23404,20803,329.63380281690144
code-dot-org/blockly,OSS4SG,59,8,0.13559322033898305,0.8151152860802733,7,0.11864406779661017,0.8123579730492554,4,2,0.03389830508474576,33,12,7,2342,1909,39.69491525423729
tidepool-org/tideline,OSS4SG,34,5,0.14705882352941177,0.8053459119496855,7,0.20588235294117646,0.8224010358860527,2,6,0.17647058823529413,9,12,6,3180,2561,93.52941176470588
huridocs/uwazi,OSS4SG,75,16,0.21333333333333335,0.8124625224865081,14,0.18666666666666668,0.7520127923246052,7,15,0.2,10,21,30,20012,16259,266.82666666666665
OperationCode/resources_api,OSS4SG,54,10,0.18518518518518517,0.8159203980099502,22,0.4074074074074074,0.777317118113138,2,1,0.018518518518518517,22,8,2,603,492,11.166666666666666
demarches-simplifiees/demarches-simplifiees.fr,OSS4SG,105,13,0.12380952380952381,0.8085593317313193,28,0.26666666666666666,0.8513087654865892,5,15,0.14285714285714285,29,22,26,26217,21198,249.68571428571428
ConservationInternational/trends.earth,OSS4SG,36,2,0.05555555555555555,0.8214379773505399,8,0.2222222222222222,0.8842580399730782,1,7,0.19444444444444445,9,16,3,3797,3119,105.47222222222223
healthsites/healthsites,OSS4SG,31,6,0.1935483870967742,0.8566329565734682,12,0.3870967741935484,0.7918481702519622,3,3,0.0967741935483871,6,7,6,1681,1440,54.225806451612904
foodcoops/foodsoft,OSS4SG,56,5,0.08928571428571429,0.8145412130637636,21,0.375,0.8674461230837591,2,7,0.125,18,12,5,2572,2095,45.92857142857143
oppia/oppia,OSS4SG,853,105,0.123094958968347,0.800814010853478,328,0.38452520515826494,0.8347941708390423,18,31,0.03634232121922626,328,169,28,16216,12986,19.010550996483
instedd/verboice,OSS4SG,32,6,0.1875,0.8118126272912424,5,0.15625,0.7666369653767822,3,1,0.03125,9,11,7,2455,1993,76.71875
okfde/froide,OSS4SG,49,1,0.02040816326530612,0.8700950850408464,23,0.46938775510204084,0.9550976678337064,1,6,0.12244897959183673,15,7,4,7467,6497,152.3877551020408
coralproject/talk,OSS4SG,78,7,0.08974358974358974,0.8110787172011662,33,0.4230769230769231,0.8744536642495826,4,5,0.0641025641025641,25,10,10,5145,4173,65.96153846153847
Sunbird-Obsrv/sunbird-data-pipeline,OSS4SG,75,14,0.18666666666666668,0.8116571771051843,13,0.17333333333333334,0.7787553690939966,6,1,0.013333333333333334,25,20,17,6674,5417,88.98666666666666
scratchfoundation/scratch-www,OSS4SG,136,15,0.11029411764705882,0.8110819965488592,21,0.15441176470588236,0.8657217696307129,4,6,0.04411764705882353,59,30,26,15647,12691,115.05147058823529
OpenBankProject/OBP-API,OSS4SG,52,6,0.11538461538461539,0.8178836280661723,6,0.11538461538461539,0.8534600026328492,3,8,0.15384615384615385,15,17,14,14024,11470,269.6923076923077
code-dot-org/code-dot-org,OSS4SG,268,39,0.1455223880597015,0.804258673505024,31,0.11567164179104478,0.8355727821742025,10,52,0.19402985074626866,41,76,120,200438,161204,747.9029850746268
WorldHealthOrganization/app,OSS4SG,65,10,0.15384615384615385,0.8065739570164349,27,0.4153846153846154,0.7811339103374502,3,4,0.06153846153846154,27,9,2,791,638,12.169230769230769
PopulateTools/gobierto,OSS4SG,33,7,0.21212121212121213,0.8189683000839305,6,0.18181818181818182,0.7651608081590651,3,3,0.09090909090909091,5,7,15,15489,12685,469.3636363636364
openfoodfacts/openfoodfacts-server,OSS4SG,267,4,0.0149812734082397,0.8037093393815854,106,0.3970037453183521,0.9600324821500328,1,29,0.10861423220973783,93,46,22,34831,27994,130.45318352059925
openml/openml-python,OSS4SG,64,8,0.125,0.8048082427017744,29,0.453125,0.8320066542644533,3,10,0.15625,15,15,5,1747,1406,27.296875
SORMAS-Foundation/SORMAS-Project,OSS4SG,159,24,0.1509433962264151,0.8013774399600329,17,0.1069182389937107,0.8240091191938697,6,9,0.05660377358490566,43,58,41,28023,22457,176.24528301886792
GeoNode/geonode,OSS4SG,363,26,0.07162534435261708,0.801379526571563,121,0.3333333333333333,0.8899529865198466,7,12,0.03305785123966942,139,73,30,19138,15336,52.72176308539945
openMF/mobile-wallet,OSS4SG,108,25,0.23148148148148148,0.8032432432432433,36,0.3333333333333333,0.7127027027027026,7,9,0.08333333333333333,56,15,1,925,743,8.564814814814815
tidepool-org/tidepool-org.github.io,OSS4SG,26,8,0.3076923076923077,0.8174474959612278,6,0.23076923076923078,0.6529762644463775,3,2,0.07692307692307693,7,11,2,619,506,23.807692307692307
openlawlibrary/taf,OSS4SG,26,4,0.15384615384615385,0.8458408679927667,6,0.23076923076923078,0.8396508554736402,1,3,0.11538461538461539,7,9,4,2212,1871,85.07692307692308
etalab/covid19-dashboard,OSS4SG,26,3,0.11538461538461539,0.8620689655172413,11,0.4230769230769231,0.8553461995792553,2,2,0.07692307692307693,10,3,2,841,725,32.34615384615385
kobotoolbox/kobo-docker,OSS4SG,31,4,0.12903225806451613,0.8103756708407871,13,0.41935483870967744,0.8225517917941023,2,5,0.16129032258064516,11,3,4,1118,906,36.064516129032256
wevote/WebApp,OSS4SG,207,18,0.08695652173913043,0.8017786561264822,45,0.21739130434782608,0.8695556701227778,2,28,0.13526570048309178,85,66,11,10120,8114,48.888888888888886
nextstrain/ncov,OSS4SG,113,18,0.1592920353982301,0.8095606735049352,19,0.168141592920354,0.7861770836366253,6,4,0.035398230088495575,38,43,13,5167,4183,45.72566371681416
XLSForm/pyxform,OSS4SG,71,14,0.19718309859154928,0.814337287261475,18,0.2535211267605634,0.76728965852879,5,3,0.04225352112676056,29,18,6,1939,1579,27.309859154929576
hotosm/learnosm,OSS4SG,132,14,0.10606060606060606,0.8002163721601154,49,0.3712121212121212,0.8383191817198308,3,1,0.007575757575757576,54,25,4,2773,2219,21.007575757575758
okfn/opendatahandbook,OSS4SG,79,7,0.08860759493670886,0.8151848151848152,37,0.46835443037974683,0.8600260498994676,3,2,0.02531645569620253,25,12,5,2002,1632,25.341772151898734
disease-sh/API,OSS4SG,98,7,0.07142857142857142,0.8024038461538462,43,0.4387755102040816,0.8681907378335951,3,1,0.01020408163265306,39,11,5,2080,1669,21.224489795918366
reach4help/reach4help,OSS4SG,57,7,0.12280701754385964,0.8030125195618153,15,0.2631578947368421,0.8354817011229168,2,1,0.017543859649122806,12,23,7,5112,4105,89.6842105263158
openstreetmap/osmosis,OSS4SG,54,1,0.018518518518518517,0.8152461619904712,20,0.37037037037037035,0.9173676058271081,1,2,0.037037037037037035,26,7,1,1889,1540,34.98148148148148
github/covid19-dashboard,OSS4SG,51,5,0.09803921568627451,0.8006853226727584,21,0.4117647058823529,0.8621404015632523,2,2,0.0392156862745098,17,9,4,1751,1402,34.333333333333336
dhis2/app-platform,OSS4SG,32,5,0.15625,0.8503688092729189,11,0.34375,0.7927094309799789,3,5,0.15625,11,6,4,949,807,29.65625
pcm-dpc/COVID-19,OSS4SG,37,7,0.1891891891891892,0.8023111844820471,7,0.1891891891891892,0.7883459191754694,2,2,0.05405405405405406,14,12,4,2423,1944,65.48648648648648
nextstrain/nextstrain.org,OSS4SG,57,8,0.14035087719298245,0.8212530712530712,22,0.38596491228070173,0.8311134100607784,3,5,0.08771929824561403,13,14,8,3256,2674,57.12280701754386
okfde/offenerhaushalt.de,OSS4SG,24,3,0.125,0.8341416100872939,8,0.3333333333333333,0.8460636922082121,1,1,0.041666666666666664,8,6,2,1031,860,42.958333333333336
