project_name,total_months_analyzed,avg_transition_rate,median_transition_rate,max_transition_rate,std_transition_rate,total_truly_new_core_added,avg_existing_core_count,final_ever_core_count,final_active_core_count,months_with_new_core,new_core_frequency,project_start_month,project_end_month,total_commits_analyzed,project_type
uber/RIBs,50,0.02987973137973138,0.0,0.25,0.06331405237155838,12,10.92,16,12,11,0.22,2017-11,2024-11,596,OSS
http4s/http4s,147,0.025447885239009926,0.0,1.0,0.10209619279780699,23,12.646258503401361,24,18,21,0.14285714285714285,2013-02,2025-08,17855,OSS
rubenlagus/TelegramBots,99,0.04311912374926077,0.0,1.5,0.18461213003143284,25,16.414141414141415,26,21,20,0.20202020202020202,2016-02,2025-06,1142,OSS
sferik/t-ruby,61,0.00819672131147541,0.0,0.5,0.064018439966448,1,2.0655737704918034,3,2,1,0.01639344262295082,2011-12,2025-04,1069,OSS
qbittorrent/qBittorrent,227,0.010058737151248163,0.0,1.0,0.07984065051526701,5,3.052863436123348,6,6,5,0.022026431718061675,2006-10,2025-08,13396,OSS
heroku/heroku-buildpack-nodejs,144,0.01800595238095238,0.0,1.0,0.10122018476352194,7,4.270833333333333,8,8,7,0.04861111111111111,2011-06,2025-08,1826,OSS
GeekyAnts/NativeBase,83,0.03429034693823692,0.0,0.5,0.08407792773925912,24,13.783132530120483,26,19,19,0.2289156626506024,2016-05,2024-12,6327,OSS
dariuszseweryn/RxAndroidBle,78,0.010683760683760682,0.0,0.5,0.06763231161308605,2,3.1923076923076925,4,3,2,0.02564102564102564,2016-02,2025-06,1011,OSS
boto/boto,138,0.032710846049503736,0.0,1.0,0.10500358590395906,50,19.630434782608695,51,49,41,0.2971014492753623,2006-09,2022-05,7219,OSS
HandBrake/HandBrake,230,0.015092196450892102,0.0,1.0,0.08875097593037604,16,14.23913043478261,17,9,14,0.06086956521739131,2006-02,2025-08,13101,OSS
BehaviorTree/BehaviorTree.CPP,86,0.026550387596899223,0.0,1.0,0.1284746588012452,5,5.5813953488372094,6,3,5,0.05813953488372093,2016-02,2025-07,1483,OSS
splitrb/split,127,0.026853899036927812,0.0,0.6,0.08166663080885385,40,24.708661417322833,42,31,33,0.25984251968503935,2011-06,2025-08,1250,OSS
h2non/bimg,69,0.01859903381642512,0.0,0.5,0.08041641175841233,4,3.4347826086956523,6,6,4,0.057971014492753624,2015-04,2024-03,615,OSS
google/brotli,107,0.027373535083815455,0.0,1.0,0.11774578932931963,10,5.841121495327103,11,10,10,0.09345794392523364,2013-11,2025-08,1313,OSS
kartik-v/bootstrap-fileinput,110,0.0,0.0,0.0,0.0,0,1.0,1,1,0,0.0,2014-04,2024-12,1307,OSS
WebAssembly/binaryen,118,0.019350282485875704,0.0,1.0,0.11014473640684853,5,4.127118644067797,6,4,5,0.0423728813559322,2015-11,2025-08,7969,OSS
trimstray/the-book-of-secret-knowledge,44,0.041666666666666664,0.0,1.0,0.17285040058360338,3,2.090909090909091,4,4,3,0.06818181818181818,2018-07,2024-11,1069,OSS
dabeaz/curio,62,0.024193548387096774,0.0,1.0,0.14105630066641597,2,2.725806451612903,3,2,2,0.03225806451612903,2015-11,2024-04,955,OSS
mitchellkrogza/apache-ultimate-bad-bot-blocker,93,0.02240143369175627,0.0,1.0,0.12233868960295265,4,4.10752688172043,5,3,4,0.043010752688172046,2016-09,2025-08,3344,OSS
greenrobot/EventBus,56,0.037202380952380945,0.0,1.0,0.15644378315279034,4,3.142857142857143,5,3,4,0.07142857142857142,2012-08,2022-07,550,OSS
boto/boto3,130,0.01994505494505494,0.0,1.0,0.10638828890113737,7,6.615384615384615,8,3,7,0.05384615384615385,2014-10,2025-08,6949,OSS
presidentbeef/brakeman,176,0.002840909090909091,0.0,0.5,0.03768891807222044,1,2.977272727272727,3,2,1,0.005681818181818182,2010-09,2025-07,4086,OSS
square/okhttp,162,0.028608171663727224,0.0,4.0,0.3149605682538471,8,7.228395061728395,9,5,5,0.030864197530864196,2011-06,2025-08,6000,OSS
hibernate/hibernate-orm,218,0.017680824386307546,0.0,1.0,0.08421645841691008,26,15.889908256880734,27,16,26,0.11926605504587157,2007-07,2025-08,22064,OSS
gunthercox/ChatterBot,76,0.02412280701754386,0.0,1.0,0.13250841306182692,3,2.763157894736842,4,1,3,0.039473684210526314,2014-10,2025-07,2013,OSS
Baekalfen/PyBoy,71,0.02112676056338028,0.0,1.0,0.13192583734566982,2,2.5774647887323945,3,1,2,0.028169014084507043,2016-02,2025-05,935,OSS
lets-blade/blade,47,0.02304964539007092,0.0,0.5,0.09309189731920751,3,3.595744680851064,5,4,3,0.06382978723404255,2017-07,2025-02,903,OSS
bioconda/bioconda-recipes,119,0.040506635807359526,0.013157894736842105,1.3333333333333333,0.1298487702249989,188,115.14285714285714,191,174,90,0.7563025210084033,2015-10,2025-08,58086,OSS
voxpupuli/beaker,165,0.028390786858880444,0.0,2.0,0.16251126297770657,35,23.36969696969697,36,31,32,0.19393939393939394,2010-07,2025-08,5829,OSS
OpenMathLib/OpenBLAS,175,0.0189613085327371,0.0,1.0,0.0933883967207973,15,9.84,16,12,15,0.08571428571428572,2011-02,2025-08,9502,OSS
jenkinsci/bitbucket-branch-source-plugin,98,0.05467633450728614,0.0,3.0,0.31390540198752337,30,22.153061224489797,31,18,22,0.22448979591836735,2016-04,2025-07,1118,OSS
opensourceBIM/BIMserver,150,0.006666666666666667,0.0,1.0,0.08164965809277258,1,1.9933333333333334,2,1,1,0.006666666666666667,2010-09,2025-07,5076,OSS
coolsnowwolf/lede,95,0.04030748075509005,0.0,1.0,0.1255579543255357,25,11.926315789473684,26,23,22,0.23157894736842105,2017-10,2025-08,7536,OSS
elastic/beats,138,0.02465654975071287,0.0,0.5,0.07102803203507779,42,18.26086956521739,44,43,39,0.2826086956521739,2014-03,2025-08,19034,OSS
mozilla/bedrock,176,0.015331755726096775,0.0,0.5,0.05741950072806217,21,15.659090909090908,23,15,20,0.11363636363636363,2011-01,2025-08,16398,OSS
BytomDAO/bytom,42,0.09661608233036804,0.0,2.0,0.34148306393697453,15,12.523809523809524,16,14,10,0.23809523809523808,2017-08,2022-10,2278,OSS
bokeh/bokeh,161,0.013984859171194573,0.0,0.5,0.05833674104650951,13,12.229813664596273,15,15,13,0.08074534161490683,2012-04,2025-08,20807,OSS
blynkkk/blynk-library,79,0.0,0.0,0.0,0.0,0,1.0,1,1,0,0.0,2015-03,2025-06,2058,OSS
hhxsv5/laravel-s,65,0.015384615384615385,0.0,1.0,0.12403473458920845,1,1.5538461538461539,2,2,1,0.015384615384615385,2018-02,2025-06,1802,OSS
malwaredllc/byob,34,0.04264705882352941,0.0,0.5,0.11409069406646986,5,5.5588235294117645,7,6,5,0.14705882352941177,2018-07,2024-07,765,OSS
ReFirmLabs/binwalk,102,0.004901960784313725,0.0,0.5,0.04950737714883373,1,2.715686274509804,3,2,1,0.00980392156862745,2013-12,2025-07,1752,OSS
BLCM/BLCMods,87,0.06605130279060221,0.0,4.0,0.4321799936577079,46,42.40229885057471,48,37,20,0.22988505747126436,2017-04,2025-07,13940,OSS
bootstrap-vue/bootstrap-vue,70,0.028032879818594102,0.0,0.5,0.09223324158091378,9,8.785714285714286,11,6,8,0.11428571428571428,2016-11,2025-03,5424,OSS
boostorg/boost,301,0.010261788125380564,0.0,0.5,0.04409795700176596,32,26.441860465116278,34,27,32,0.10631229235880399,2000-08,2025-08,51725,OSS
google/blockly,135,0.026303760229628825,0.0,1.0,0.1060678673787819,19,13.25925925925926,20,12,18,0.13333333333333333,2013-12,2025-08,9159,OSS
jarun/buku,109,0.0191131498470948,0.0,1.0,0.11319403403864238,4,2.1559633027522938,5,4,4,0.03669724770642202,2015-12,2025-06,2202,OSS
bkaradzic/bgfx,159,0.006813417190775681,0.0,0.5,0.05132608024811246,3,4.132075471698113,5,3,3,0.018867924528301886,2012-05,2025-07,8930,OSS
davidstutz/bootstrap-multiselect,73,0.05216811244865409,0.0,1.0,0.14352328685783394,24,16.315068493150687,25,13,20,0.273972602739726,2012-11,2022-07,793,OSS
philc/vimium,165,0.01728956228956229,0.0,1.0,0.09732299825171672,9,8.787878787878787,10,4,8,0.048484848484848485,2009-11,2025-06,5281,OSS
jashkenas/underscore,129,0.02913758993132097,0.0,1.0,0.11015662183825069,23,15.875968992248062,24,17,20,0.15503875968992248,2009-11,2024-10,2853,OSS
buildroot/buildroot,282,0.016191284955369246,0.0,1.0,0.07480804648695552,53,23.52836879432624,54,46,49,0.17375886524822695,2002-01,2025-08,78183,OSS
WorldBrain/Memex,90,0.03355419272085939,0.0,1.0,0.12793531755588278,11,9.644444444444444,12,4,11,0.12222222222222222,2017-02,2024-07,13398,OSS
scratchfoundation/scratch-blocks,123,0.023039500899625524,0.0,0.6,0.08251409222003253,22,16.48780487804878,24,15,19,0.15447154471544716,2013-11,2025-04,12342,OSS
Bukkit/Bukkit,44,0.0642639872753509,0.0,1.5,0.23162032501632673,15,13.181818181818182,17,16,11,0.25,2011-01,2014-08,1509,OSS
google/blockly-games,110,0.008636363636363636,0.0,0.3333333333333333,0.046252631309660334,4,6.181818181818182,7,3,4,0.03636363636363636,2014-12,2024-05,1262,OSS
wiredtiger/wiredtiger,199,0.012311557788944725,0.0,1.0,0.08590650227345108,6,2.9346733668341707,7,7,6,0.03015075376884422,2008-12,2025-08,25323,OSS
uxsolutions/bootstrap-datepicker,93,0.05844314662687961,0.009615384615384616,2.0,0.22344312613514844,130,90.26881720430107,132,95,52,0.5591397849462365,2012-04,2023-05,1680,OSS
NSFI/ppfish-components,50,0.017333333333333333,0.0,0.6666666666666666,0.09787770610038796,3,5.02,6,5,2,0.04,2018-04,2022-08,3391,OSS
sammchardy/python-binance,80,0.03821969696969697,0.0,1.0,0.1395574862776918,11,3.775,12,9,9,0.1125,2017-09,2025-07,1457,OSS
bitcoinbook/bitcoinbook,109,0.022178305893902225,0.0,0.6666666666666666,0.08795820300093674,14,9.917431192660551,16,11,11,0.10091743119266056,2013-08,2024-12,5210,OSS
EbookFoundation/free-programming-books,142,0.026878290713576343,0.014036643026004728,0.32075471698113206,0.045720597321868416,1966,690.387323943662,2019,1329,137,0.9647887323943662,2013-11,2025-08,9528,OSS
thoughtbot/factory_bot,170,0.028928103281519763,0.0,1.0,0.09795283016793324,72,30.41176470588235,73,59,51,0.3,2008-06,2025-08,1277,OSS
heroku/heroku-buildpack-ruby,156,0.011752136752136752,0.0,1.0,0.09296428475028694,3,3.391025641025641,4,3,3,0.019230769230769232,2011-06,2025-07,2347,OSS
jakubgarfield/Bonobo-Git-Server,63,0.07808122094597553,0.0,3.0,0.3788545914419548,23,14.333333333333334,24,15,17,0.2698412698412698,2011-06,2021-03,1127,OSS
BlackArch/blackarch,162,0.016211052322163435,0.0,1.0,0.09848056727812804,7,6.91358024691358,8,4,6,0.037037037037037035,2009-09,2025-08,25038,OSS
zostera/django-bootstrap3,107,0.02643895564456312,0.0,1.0,0.11756061322921958,9,8.271028037383177,10,2,9,0.08411214953271028,2013-10,2025-07,1166,OSS
RoaringBitmap/RoaringBitmap,129,0.006459948320413436,0.0,0.5,0.052717393717297244,2,3.108527131782946,4,4,2,0.015503875968992248,2013-08,2025-08,2515,OSS
buefy/buefy,97,0.0257227636927455,0.0,0.5,0.07407148049120257,17,9.88659793814433,19,11,17,0.17525773195876287,2017-05,2025-08,3364,OSS
vlachoudis/bCNC,111,0.02207207207207207,0.0,1.0,0.11430868543761478,6,4.756756756756757,7,7,6,0.05405405405405406,2014-11,2025-07,2257,OSS
twbs/bootstrap-sass,64,0.04522569444444444,0.0,1.0,0.15911728379239545,9,7.96875,10,4,7,0.109375,2011-10,2023-06,1040,OSS
aws/s2n-tls,126,0.0327616867605208,0.0,1.0,0.11260776397479837,33,18.69047619047619,34,28,30,0.23809523809523808,2014-10,2025-07,5253,OSS
felangel/bloc,80,0.0,0.0,0.0,0.0,0,1.0,1,1,0,0.0,2018-11,2025-08,2592,OSS
exercism/website-copy,82,0.16187661738008247,0.010278806010513328,9.5,1.0515012319294839,542,382.5853658536585,544,427,64,0.7804878048780488,2017-09,2025-06,3523,OSS
marionettejs/backbone.marionette,90,0.04275765915333825,0.0,1.0,0.13067970976968218,25,14.911111111111111,26,21,21,0.23333333333333334,2012-01,2022-12,3395,OSS
StanzaOrg/lbstanza,104,0.009615384615384616,0.0,1.0,0.09805806756909202,1,1.3942307692307692,2,2,1,0.009615384615384616,2015-07,2024-12,5756,OSS
psf/black,88,0.06419642984152044,0.012270400481782595,1.0,0.1575009204350012,121,67.0,122,91,63,0.7159090909090909,2018-04,2025-08,2010,OSS
Homebrew/brew,195,0.020994245096403373,0.0,1.0,0.08910687525262455,33,13.42051282051282,34,27,31,0.15897435897435896,2009-06,2025-08,45917,OSS
axiomatic-systems/Bento4,191,0.002617801047120419,0.0,0.5,0.036178730264621074,1,2.4712041884816753,3,2,1,0.005235602094240838,2005-12,2025-06,1292,OSS
async-labs/builderbook,55,0.03333333333333333,0.0,1.0,0.15515822270854376,3,3.418181818181818,4,4,3,0.05454545454545454,2018-01,2025-03,579,OSS
BlueWallet/BlueWallet,90,0.02501735918402585,0.0,0.5,0.07641310667266152,13,10.255555555555556,15,8,13,0.14444444444444443,2018-03,2025-08,12917,OSS
rappasoft/laravel-boilerplate,73,0.035388127853881284,0.0,2.0,0.23811154542980711,4,4.068493150684931,5,3,3,0.0410958904109589,2015-03,2023-02,3006,OSS
thomaspark/bootswatch,146,0.0,0.0,0.0,0.0,0,1.0,1,1,0,0.0,2012-03,2025-07,2321,OSS
s3tools/s3cmd,171,0.016543673999814348,0.0,1.0,0.09371314813323456,9,5.742690058479532,10,9,9,0.05263157894736842,2007-02,2025-07,1935,OSS
baconjs/bacon.js,92,0.016304347826086956,0.0,1.0,0.11604960469609299,2,2.3260869565217392,3,2,2,0.021739130434782608,2012-03,2025-04,3015,OSS
wenzhixin/bootstrap-table-examples,85,0.01764705882352941,0.0,1.0,0.1206889652392969,2,2.764705882352941,3,2,2,0.023529411764705882,2015-01,2025-07,950,OSS
bqplot/bqplot,104,0.031742216117216115,0.0,2.0,0.2077028376700619,8,7.461538461538462,9,8,6,0.057692307692307696,2015-01,2024-10,3667,OSS
bazelbuild/bazel,126,0.016757477292752374,0.0,0.16666666666666666,0.0305872561624722,87,72.71428571428571,100,74,57,0.4523809523809524,2015-03,2025-08,43679,OSS
confluentinc/confluent-kafka-python,104,0.0312650223707916,0.0,1.0,0.11964087322006513,14,8.932692307692308,15,14,14,0.1346153846153846,2016-05,2025-07,981,OSS
sc-forks/solidity-coverage,69,0.026570048309178744,0.0,1.0,0.13892440580262352,3,3.8115942028985508,4,3,3,0.043478260869565216,2016-10,2025-05,1023,OSS
aws-actions/amazon-ecr-login,64,0.04348958333333334,0.0,2.0,0.2548751672089464,5,5.28125,6,4,4,0.0625,2019-11,2025-06,834,OSS
postmanlabs/openapi-to-postman,78,0.04290769771539002,0.0,1.0,0.16380932795620745,13,10.551282051282051,14,10,12,0.15384615384615385,2018-04,2025-07,2520,OSS
claudehohl/Stikked,60,0.0,0.0,0.0,0.0,0,1.0,1,1,0,0.0,2012-05,2019-11,992,OSS
dart-lang/site-www,109,0.01685243910014552,0.0,0.3333333333333333,0.05646776790972449,13,9.614678899082568,16,11,11,0.10091743119266056,2016-08,2025-08,4387,OSS
sintaxi/harp,59,0.01694915254237288,0.0,1.0,0.13018891098082389,1,1.5932203389830508,2,2,1,0.01694915254237288,2013-01,2025-06,707,OSS
actuallymentor/battery,24,0.08680555555555557,0.0,1.0,0.2324506683245046,4,2.5,5,5,4,0.16666666666666666,2022-02,2025-06,305,OSS
pablof7z/chardin.js,29,0.05901789781100126,0.0,0.3333333333333333,0.10362322833892836,11,9.310344827586206,14,7,9,0.3103448275862069,2013-07,2024-02,127,OSS
linuxmint/cinnamon,166,0.006303710345814638,0.0,0.2,0.022330718509301503,26,35.3433734939759,41,17,21,0.12650602409638553,2011-11,2025-08,8912,OSS
ElasticHQ/elasticsearch-HQ,42,0.023809523809523808,0.0,1.0,0.15430334996209188,1,1.380952380952381,2,2,1,0.023809523809523808,2013-06,2021-11,804,OSS
ampproject/amphtml,116,0.027176456044029233,0.0,0.3333333333333333,0.058463094677591455,54,41.53448275862069,57,54,44,0.3793103448275862,2015-10,2025-07,22568,OSS
riot/riot,123,0.02848628668212599,0.0,1.0,0.11651764822617461,17,15.439024390243903,18,7,13,0.10569105691056911,2013-11,2025-07,4009,OSS
apexcharts/apexcharts.js,83,0.012048192771084338,0.0,1.0,0.10976425998969035,1,1.6385542168674698,2,2,1,0.012048192771084338,2018-08,2025-07,3575,OSS
josdejong/mathjs,148,0.019264800514800517,0.0,1.0,0.11382994413206143,8,7.168918918918919,9,8,6,0.04054054054054054,2013-03,2025-07,5430,OSS
paperjs/paper.js,109,0.0,0.0,0.0,0.0,0,2.0,2,2,0,0.0,2011-03,2024-07,7408,OSS
chinese-poetry/chinese-poetry,75,0.042401783401783404,0.0,1.0,0.13930573296396004,13,9.493333333333334,14,14,13,0.17333333333333334,2017-03,2025-04,629,OSS
poteto/hiring-without-whiteboards,86,0.011928568354671366,0.0065095726517452775,0.1440677966101695,0.019100112924780144,591,717.1279069767442,932,722,80,0.9302325581395349,2017-04,2025-07,2140,OSS
agalwood/Motrix,39,0.0,0.0,0.0,0.0,0,1.0,1,1,0,0.0,2019-01,2023-06,1170,OSS
NARKOZ/hacker-scripts,17,0.05876546570045022,0.0,0.46153846153846156,0.12936469658415034,18,26.764705882352942,31,27,6,0.35294117647058826,2015-12,2022-08,150,OSS
moment/moment,122,0.04314508859631011,0.0,1.0,0.11650001229362329,98,49.71311475409836,99,97,59,0.48360655737704916,2011-04,2024-02,4064,OSS
facebook/react,147,0.02047425305636377,0.0,0.3333333333333333,0.04479683865618573,98,69.37414965986395,104,47,63,0.42857142857142855,2013-06,2025-08,20691,OSS
trekhleb/javascript-algorithms,45,0.12623788878861344,0.0,3.3333333333333335,0.5185351449685952,27,7.088888888888889,28,18,8,0.17777777777777778,2018-04,2025-02,1120,OSS
Chalarangelo/30-seconds-of-code,90,0.1247964997964998,0.0,11.0,1.1593115385913988,14,14.21111111111111,15,6,4,0.044444444444444446,2017-12,2025-07,10153,OSS
nodejs/node,198,0.02970211436792211,0.005633847521107091,1.0,0.09015686970556497,189,80.38383838383838,190,169,106,0.5353535353535354,2009-03,2025-08,44712,OSS
mrdoob/three.js,184,0.023786508892434523,0.0,1.0,0.09297100160255554,43,20.96195652173913,44,40,37,0.20108695652173914,2010-05,2025-08,45657,OSS
alexanderjeurissen/ranger_devicons,37,0.07813379833335414,0.0,0.5,0.11394468657761199,25,10.64864864864865,27,13,18,0.4864864864864865,2017-07,2025-06,108,OSS
jonrau1/ElectricEye,42,0.06626984126984127,0.0,2.0,0.3134839651600067,5,4.642857142857143,6,3,4,0.09523809523809523,2020-03,2025-02,1903,OSS
python-hyper/h2,67,0.014925373134328358,0.0,1.0,0.1221694443563052,1,1.6417910447761195,2,2,1,0.014925373134328358,2015-07,2025-04,1656,OSS
unitedstates/congress,88,0.020833333333333332,0.0,1.0,0.123312362305318,3,3.647727272727273,4,4,3,0.03409090909090909,2012-09,2025-05,782,OSS
paul-nameless/tg,16,0.125,0.0,2.0,0.5,2,2.875,3,3,1,0.0625,2020-05,2025-06,516,OSS
landing-ai/vision-agent,17,0.04901960784313725,0.0,0.5,0.14147911460452756,2,3.0588235294117645,4,4,2,0.11764705882352941,2024-03,2025-07,728,OSS
commonmark/commonmark-spec,87,0.02681992337164751,0.0,2.0,0.21696991780317976,3,3.9080459770114944,4,2,2,0.022988505747126436,2014-08,2025-05,1839,OSS
lyst/lightfm,58,0.022126436781609193,0.0,0.5,0.08738054675729115,4,2.7241379310344827,6,6,4,0.06896551724137931,2015-08,2023-04,483,OSS
awslabs/gluonts,66,0.020726135215651115,0.0,0.16666666666666666,0.042890264619824765,16,16.818181818181817,22,17,14,0.21212121212121213,2019-06,2025-06,1483,OSS
wger-project/wger,125,0.008,0.0,1.0,0.08944271909999157,1,1.264,2,2,1,0.008,2012-09,2025-07,8175,OSS
smicallef/spiderfoot,121,0.01887052341597796,0.0,1.0,0.10880117248058353,5,3.4958677685950414,6,5,5,0.04132231404958678,2012-09,2023-11,3742,OSS
chidiwilliams/buzz,33,0.030303030303030304,0.0,1.0,0.17407765595569785,1,1.3636363636363635,2,2,1,0.030303030303030304,2022-10,2025-07,591,OSS
marimo-team/marimo,24,0.03472222222222222,0.0,0.5,0.12017666812654101,2,2.25,4,4,2,0.08333333333333333,2023-09,2025-08,3925,OSS
ActivityWatch/activitywatch,91,0.0,0.0,0.0,0.0,0,1.0,1,1,0,0.0,2016-05,2025-02,1028,OSS
lra/mackup,114,0.03552528416915306,0.009302526825891312,0.6666666666666666,0.07903720718585941,120,63.175438596491226,123,114,66,0.5789473684210527,2013-05,2025-07,2344,OSS
RVC-Boss/GPT-SoVITS,19,0.03653605166763061,0.0,0.3333333333333333,0.07890313056101148,8,14.368421052631579,17,13,6,0.3157894736842105,2024-02,2025-08,1011,OSS
microsoft/autogen,55,0.07008847821842133,0.038461538461538464,0.5,0.09707090534874559,66,25.8,68,55,33,0.6,2021-02,2025-08,3735,OSS
Asabeneh/30-Days-Of-Python,20,0.05,0.0,1.0,0.22360679774997894,1,1.8,2,2,1,0.05,2019-12,2025-06,443,OSS
charlax/professional-programming,99,0.0,0.0,0.0,0.0,0,1.0,1,1,0,0.0,2016-02,2025-08,452,OSS
minimaxir/big-list-of-naughty-strings,30,0.036360870578511756,0.0,0.36363636363636365,0.07589149801494602,19,24.266666666666666,30,29,12,0.4,2015-09,2021-04,273,OSS
public-apis/public-apis,82,0.03197127959169384,0.0199601593625498,0.4,0.05332581096793385,606,327.1219512195122,661,468,66,0.8048780487804879,2016-04,2025-05,4536,OSS
vinta/awesome-python,98,0.07783412145507582,0.007696406370256349,6.2,0.625518283656487,138,107.37755102040816,143,127,55,0.5612244897959183,2014-07,2025-07,1683,OSS
TheAlgorithms/Python,106,0.05613460129139887,0.014888429141421605,0.8888888888888888,0.11194358814311835,825,361.311320754717,829,573,95,0.8962264150943396,2016-08,2025-07,3553,OSS
Significant-Gravitas/AutoGPT,28,1.9400006199849305,0.0,54.0,10.202832248739323,74,67.60714285714286,75,30,12,0.42857142857142855,2023-04,2025-07,7029,OSS
AUTOMATIC1111/stable-diffusion-webui,23,0.37778718316571164,0.024691358024691357,5.5,1.2333404564187773,84,67.65217391304348,86,61,17,0.7391304347826086,2022-09,2024-07,7689,OSS
MCreator/MCreator,59,0.00423728813559322,0.0,0.25,0.03254722774520597,1,4.779661016949152,5,4,1,0.01694915254237288,2020-10,2025-08,6364,OSS
sylvainhalle/textidote,43,0.023255813953488372,0.0,1.0,0.15249857033260467,1,1.1395348837209303,2,2,1,0.023255813953488372,2018-07,2025-05,306,OSS
togglz/togglz,129,0.018992248062015504,0.0,1.0,0.10624477491332186,6,3.5348837209302326,7,4,6,0.046511627906976744,2012-01,2025-03,1517,OSS
apache/mina-sshd,176,0.004734848484848484,0.0,0.5,0.045176821113765475,2,2.8125,4,3,2,0.011363636363636364,2009-01,2025-07,3060,OSS
antlr/stringtemplate4,73,0.02054794520547945,0.0,1.0,0.1301269722975613,2,1.9452054794520548,3,3,2,0.0273972602739726,2009-11,2025-05,1007,OSS
jankotek/mapdb,88,0.0,0.0,0.0,0.0,0,1.0,1,1,0,0.0,2012-09,2023-03,2186,OSS
killbill/killbill,163,0.009772129710780017,0.0,0.5,0.05534579542527038,6,6.625766871165644,8,4,6,0.03680981595092025,2011-11,2025-07,10183,OSS
JodaOrg/joda-time,202,0.0,0.0,0.0,0.0,0,2.0,2,2,0,0.0,2004-01,2025-06,2302,OSS
react-native-linear-gradient/react-native-linear-gradient,81,0.05249374795261206,0.0,1.0,0.14161109468872526,36,20.753086419753085,37,20,27,0.3333333333333333,2015-04,2025-03,540,OSS
neo4j/neo4j,211,0.020663867961998445,0.0,1.0,0.08792669904365885,42,22.123222748815166,43,42,41,0.1943127962085308,2007-06,2024-12,81412,OSS
quarkusio/quarkus,86,0.03560657942275761,0.0,0.5,0.08360408494021598,30,23.406976744186046,32,24,28,0.32558139534883723,2018-07,2025-08,53806,OSS
apache/pulsar,107,0.03480999929258122,0.011764705882352941,0.6666666666666666,0.07593013568398595,90,49.21495327102804,93,74,61,0.5700934579439252,2016-10,2025-08,13599,OSS
elastic/logstash,188,0.016280104774473524,0.0,0.5,0.05516509047148282,31,18.49468085106383,33,27,30,0.1595744680851064,2009-09,2025-08,11135,OSS
hdodenhof/CircleImageView,31,0.0,0.0,0.0,0.0,0,1.0,1,1,0,0.0,2014-02,2023-01,160,OSS
ReactiveX/RxJava,149,0.021822565950082726,0.0,1.0,0.10084234436392805,14,11.577181208053691,15,13,14,0.09395973154362416,2012-08,2025-07,6240,OSS
skylot/jadx,137,0.01338199513381995,0.0,1.0,0.09913513702212452,3,2.4671532846715327,4,4,3,0.021897810218978103,2013-04,2025-07,2498,OSS
dbeaver/dbeaver,154,0.018369923727066584,0.0,1.0,0.09861126558409575,9,4.64935064935065,10,7,9,0.05844155844155844,2012-11,2025-08,27388,OSS
termux/termux-app,103,0.02022653721682848,0.0,1.0,0.11637803899317056,4,2.854368932038835,5,3,4,0.038834951456310676,2015-11,2025-06,1483,OSS
jeecgboot/JeecgBoot,76,0.019736842105263157,0.0,1.0,0.12756147468793785,2,1.9473684210526316,3,3,2,0.02631578947368421,2019-03,2025-08,1744,OSS
Snailclimb/JavaGuide,86,0.04724749144403923,0.0,1.0,0.12982335419931457,32,11.848837209302326,33,31,29,0.3372093023255814,2018-06,2025-07,5854,OSS
doocs/advanced-java,73,0.02054794520547945,0.0,1.0,0.1301269722975613,2,2.7945205479452055,3,3,2,0.0273972602739726,2018-11,2025-07,776,OSS
spring-projects/spring-boot,148,0.015427927927927926,0.0,1.0,0.09857432739039841,5,3.824324324324324,6,5,5,0.033783783783783786,2013-05,2025-08,56271,OSS
MisterBooo/LeetCodeAnimation,19,0.17637844611528822,0.0,2.0,0.478340098996844,8,4.894736842105263,9,8,5,0.2631578947368421,2019-01,2022-01,246,OSS
elastic/elasticsearch,186,0.026324545897404593,0.0,1.0,0.09069095216327375,74,31.887096774193548,75,73,70,0.3763440860215054,2010-03,2025-08,88369,OSS
planetscale/vtprotobuf,27,0.10477660199882421,0.0,1.0,0.21868119140685852,9,5.37037037037037,10,9,9,0.3333333333333333,2021-06,2025-03,216,OSS
projectdiscovery/tlsx,36,0.0287037037037037,0.0,0.6666666666666666,0.1174200917822185,4,6.527777777777778,7,3,3,0.08333333333333333,2022-07,2025-07,1007,OSS
trpc-group/trpc-go,12,0.020833333333333332,0.0,0.25,0.07216878364870322,1,4.916666666666667,5,4,1,0.08333333333333333,2023-09,2025-07,163,OSS
tinkerbell/tink,65,0.04839438339438339,0.0,1.0,0.18472638371079156,10,8.307692307692308,11,8,8,0.12307692307692308,2019-11,2025-07,1952,OSS
juruen/rmapi,54,0.027777777777777776,0.0,1.0,0.15099252345187417,2,2.3518518518518516,3,2,2,0.037037037037037035,2018-02,2023-12,464,OSS
trustwallet/assets,71,0.0996060644757724,0.02117362371445856,2.8461538461538463,0.35221410780467555,2117,1276.2957746478874,2130,1136,71,1.0,2019-09,2025-07,15152,OSS
travisjeffery/jocko,25,0.0,0.0,0.0,0.0,0,1.0,1,1,0,0.0,2016-11,2020-12,532,OSS
kubernetes-sigs/descheduler,92,0.031836611456176674,0.0,1.0,0.1265136619863762,10,6.434782608695652,11,9,10,0.10869565217391304,2017-08,2025-07,1898,OSS
KubeOperator/KubeOperator,56,0.04375,0.0,1.0,0.15864204354394199,6,5.767857142857143,7,5,6,0.10714285714285714,2018-12,2024-07,6432,OSS
vugu/vugu,41,0.036585365853658534,0.0,1.0,0.17285267941367818,2,1.5853658536585367,3,2,2,0.04878048780487805,2019-04,2025-04,609,OSS
Genymobile/scrcpy,87,0.0,0.0,0.0,0.0,0,1.0,1,1,0,0.0,2018-01,2025-06,2851,OSS
netdata/netdata,134,0.019012982515997624,0.0,0.5,0.0640267281098637,18,10.164179104477611,20,15,18,0.13432835820895522,2013-07,2025-08,20721,OSS
redis/redis,197,0.01774166537155489,0.0,1.0,0.08832003848625193,18,5.121827411167513,19,19,18,0.09137055837563451,2009-04,2025-08,12694,OSS
ventoy/Ventoy,52,0.04391025641025641,0.0,1.0,0.16350027636688033,5,3.076923076923077,6,4,5,0.09615384615384616,2020-05,2025-07,1105,OSS
obsproject/obs-studio,141,0.026779845232294378,0.0,1.0,0.10361342397816806,24,11.929078014184396,25,22,24,0.1702127659574468,2013-11,2025-07,15041,OSS
avelino/awesome-go,133,0.03478731239438947,0.015544041450777202,0.2653061224489796,0.0511494996996268,1447,753.1203007518797,1465,1223,131,0.9849624060150376,2014-08,2025-08,5065,OSS
ollama/ollama,25,0.053158730158730155,0.0,0.3333333333333333,0.09555135320084943,7,6.0,10,10,7,0.28,2023-07,2025-07,4428,OSS
golang/go,210,0.02890139367261138,0.0,3.0,0.20863879382725292,75,34.89047619047619,76,73,69,0.32857142857142857,2008-03,2025-08,63540,OSS
kubernetes/kubernetes,134,0.032027901409441256,0.011628300037183518,0.8,0.08513184720649176,237,149.28358208955223,242,234,109,0.8134328358208955,2014-07,2025-08,131868,OSS
fatedier/frp,110,0.00909090909090909,0.0,1.0,0.09534625892455922,1,1.990909090909091,2,1,1,0.00909090909090909,2016-02,2025-07,1344,OSS
openfarmcc/OpenFarm,96,0.023218419312169312,0.0,1.0,0.1285189202832553,9,9.03125,11,6,6,0.0625,2013-11,2025-04,2945,OSS4SG
openfoodfacts/openfoodfacts-androidapp,111,0.03126015626015626,0.0,1.5,0.17498504863619138,11,10.126126126126126,12,4,8,0.07207207207207207,2015-06,2025-07,8708,OSS4SG
electricitymaps/electricitymaps-contrib,110,0.03728616489472239,0.0,1.0,0.11698409742856979,33,16.60909090909091,34,31,30,0.2727272727272727,2016-06,2025-08,6456,OSS4SG
onaio/onadata,166,0.0153478292599017,0.0,0.5,0.05797392154871337,18,13.156626506024097,20,17,18,0.10843373493975904,2010-11,2025-08,12474,OSS4SG
opendatateam/udata,133,0.017167919799498745,0.0,1.0,0.1038797027002768,5,3.142857142857143,6,6,5,0.03759398496240601,2014-06,2025-08,6719,OSS4SG
nordic-institute/X-Road,123,0.034172816852085314,0.0,1.0,0.12109070717707494,33,20.56910569105691,34,18,27,0.21951219512195122,2015-02,2025-08,13300,OSS4SG
sugarlabs/musicblocks,120,0.028662937688672983,0.0,1.0,0.11186798422390536,17,8.025,18,16,17,0.14166666666666666,2015-07,2025-07,9454,OSS4SG
openMF/android-client,99,0.0434740845275727,0.0,2.0,0.20798758917219407,24,13.252525252525253,25,22,21,0.21212121212121213,2014-03,2025-06,1408,OSS4SG
consuldemocracy/consuldemocracy,121,0.0182675786758764,0.0,0.6666666666666666,0.0737220540089485,18,15.669421487603305,21,14,15,0.12396694214876033,2015-08,2025-08,20423,OSS4SG
tidepool-org/uploader,130,0.02515290265290265,0.0,1.0,0.1282445163542645,12,11.423076923076923,13,4,11,0.08461538461538462,2014-07,2025-05,22210,OSS4SG
cboard-org/cboard,95,0.027293233082706765,0.0,1.0,0.12381478952168129,7,5.08421052631579,8,6,7,0.07368421052631578,2017-09,2025-08,4686,OSS4SG
instedd/planwise,42,0.05436507936507936,0.0,1.0,0.18074895089447002,5,5.071428571428571,6,5,5,0.11904761904761904,2016-06,2024-06,2119,OSS4SG
radiantearth/stac-browser,72,0.020833333333333332,0.0,1.0,0.13101714757140182,2,2.5,3,2,2,0.027777777777777776,2018-08,2025-07,1080,OSS4SG
openMF/community-app,132,0.030934916235048588,0.0,1.0,0.11616943794302173,30,23.272727272727273,31,28,27,0.20454545454545456,2013-06,2024-05,3504,OSS4SG
hotosm/tasking-manager,101,0.03181713142086783,0.0,0.6666666666666666,0.09009420063447496,33,19.485148514851485,35,27,28,0.27722772277227725,2017-03,2025-07,5997,OSS4SG
iHRIS/iHRIS,72,0.017824074074074072,0.0,0.5,0.0787880811315713,4,3.5416666666666665,6,5,4,0.05555555555555555,2019-05,2025-07,2030,OSS4SG
GFDRR/thinkhazard,54,0.04228395061728395,0.0,1.0,0.16060397544373844,5,4.555555555555555,6,4,5,0.09259259259259259,2015-04,2025-04,1639,OSS4SG
MuckRock/muckrock,186,0.005376344086021506,0.0,1.0,0.07332355751067664,1,1.6774193548387097,2,2,1,0.005376344086021506,2010-03,2025-08,12249,OSS4SG
muzima/muzima-android,128,0.027522545749797588,0.0,1.0,0.11777735860005697,17,12.9921875,18,12,16,0.125,2013-07,2024-10,3321,OSS4SG
OpenSourcePolitics/decidim,47,0.04638582457731394,0.0,0.5,0.1010560000008068,12,8.127659574468085,14,13,12,0.2553191489361702,2016-09,2020-07,3531,OSS4SG
llaske/sugarizer,136,0.02730985237899962,0.0,1.0,0.10731414794427445,22,10.816176470588236,23,20,19,0.13970588235294118,2013-12,2025-03,5711,OSS4SG
liberapay/liberapay.com,159,0.022312828032350202,0.0,1.0,0.09790537730540695,19,9.364779874213836,20,19,19,0.11949685534591195,2012-01,2025-07,20665,OSS4SG
HTBox/MobileKidsIdApp,29,0.2240284619594964,0.0,6.0,1.112405766968976,10,9.241379310344827,11,7,4,0.13793103448275862,2016-02,2024-05,813,OSS4SG
openmrs/openmrs-core,216,0.01728838662540204,0.0,1.0,0.08457355178047105,23,14.532407407407407,24,21,23,0.10648148148148148,2006-07,2025-08,12569,OSS4SG
insight-lane/crash-model,50,0.013357142857142859,0.0,0.4,0.06179500343053306,4,8.06,9,4,3,0.06,2017-03,2024-05,1922,OSS4SG
SFDigitalServices/sf-dahlia-web,118,0.032499115761827624,0.0,2.0,0.19550938190591818,14,6.593220338983051,15,11,12,0.1016949152542373,2015-10,2025-07,9632,OSS4SG
usetania/tania-core,35,0.10741496598639455,0.0,3.0,0.5072085317441538,7,5.914285714285715,8,6,5,0.14285714285714285,2017-12,2024-06,1221,OSS4SG
mapswipe/mapswipe,75,0.021238095238095236,0.0,0.5,0.08036805541042351,6,5.8933333333333335,8,5,6,0.08,2016-10,2025-07,2005,OSS4SG
public-accountability/littlesis-rails,133,0.007518796992481203,0.0,1.0,0.086710996952412,1,1.7518796992481203,2,2,1,0.007518796992481203,2013-10,2025-07,7764,OSS4SG
betagouv/aides-jeunes,136,0.022204980477039303,0.0,1.0,0.1050917016313884,11,6.889705882352941,12,11,11,0.08088235294117647,2014-04,2025-08,8287,OSS4SG
medic/cht-core,165,0.011084656084656083,0.0,0.5,0.0562818607373479,8,6.484848484848484,10,8,8,0.048484848484848485,2011-12,2025-08,24148,OSS4SG
Datawheel/canon,80,0.026041666666666664,0.0,1.0,0.1316572861583951,4,3.95,5,3,4,0.05,2017-03,2024-08,4926,OSS4SG
betagouv/api.gouv.fr,107,0.035066809849943766,0.0,1.0,0.11960670214148772,23,14.08411214953271,24,21,22,0.205607476635514,2016-03,2025-07,3717,OSS4SG
osm-search/Nominatim,173,0.010597302504816955,0.0,1.0,0.08832033145744848,3,2.861271676300578,4,2,3,0.017341040462427744,2010-11,2025-07,10368,OSS4SG
tidepool-org/viz,100,0.02083333333333333,0.0,1.0,0.11807412212884885,4,3.92,5,4,4,0.04,2016-08,2025-07,3674,OSS4SG
camicroscope/caMicroscope,120,0.026276755651755652,0.0,1.0,0.11702260400449158,12,7.741666666666666,13,12,11,0.09166666666666666,2012-07,2025-06,3297,OSS4SG
OpenRefine/OpenRefine,178,0.019323328778880662,0.0,1.0,0.0927100801694699,17,8.224719101123595,18,16,17,0.09550561797752809,2010-02,2025-07,8813,OSS4SG
enketo/enketo-express,111,0.0,0.0,0.0,0.0,0,1.0,1,1,0,0.0,2014-06,2023-11,1777,OSS4SG
rubyforgood/human-essentials,100,0.04519301948643725,0.0,2.0,0.20261599551823703,64,35.78,66,55,46,0.46,2017-05,2025-08,6953,OSS4SG
ShelterTechSF/askdarcel-api,96,0.014830453111703112,0.0,0.25,0.046613720791335675,11,9.864583333333334,15,11,10,0.10416666666666667,2016-04,2025-07,790,OSS4SG
openml/OpenML,113,0.010500389482690367,0.0,0.25,0.04058301771476994,8,9.256637168141593,12,7,8,0.07079646017699115,2013-01,2025-06,2332,OSS4SG
OperationCode/front-end,71,0.04722222222222222,0.0,2.0,0.24478466583482308,9,7.788732394366197,10,9,7,0.09859154929577464,2018-07,2025-08,5019,OSS4SG
JustFixNYC/who-owns-what,89,0.02340823970037453,0.0,1.0,0.12499290639275316,4,3.292134831460674,5,5,4,0.0449438202247191,2017-08,2025-07,1129,OSS4SG
enketo/enketo-core,119,0.0,0.0,0.0,0.0,0,1.0,1,1,0,0.0,2013-10,2023-11,2163,OSS4SG
dimagi/commcare-cloud,136,0.022564681284778787,0.0,0.5,0.07470082895210879,29,21.46323529411765,31,18,27,0.19852941176470587,2014-01,2025-08,22758,OSS4SG
opendatacube/datacube-core,123,0.025229355107403883,0.0,1.0,0.11978715834510174,11,7.056910569105691,12,9,10,0.08130081300813008,2015-04,2025-08,7268,OSS4SG
Bahmni/bahmni-core,130,0.039662735681420605,0.0,2.0,0.1879252387859171,51,35.853846153846156,52,45,41,0.3153846153846154,2012-05,2025-06,2787,OSS4SG
wevote/WeVoteServer,119,0.017507002801120445,0.0,1.0,0.10842236106099365,4,3.966386554621849,5,4,4,0.03361344537815126,2015-08,2025-07,6673,OSS4SG
SEED-platform/seed,130,0.022374387639033985,0.0,1.0,0.10085402050572584,21,17.523076923076925,23,12,18,0.13846153846153847,2014-11,2025-08,11409,OSS4SG
radiantearth/stac-spec,72,0.04935014830848164,0.0,2.0,0.24393785118973688,11,9.166666666666666,12,6,9,0.125,2017-06,2024-09,3222,OSS4SG
LoopKit/LoopKit,99,0.018518518518518517,0.0,1.0,0.11637204998900937,3,2.707070707070707,4,4,3,0.030303030303030304,2015-09,2024-10,1665,OSS4SG
NREL/EnergyPlus,136,0.03351119664305885,0.0,2.0,0.1827616837975516,29,22.36764705882353,30,20,25,0.18382352941176472,2014-04,2025-07,40669,OSS4SG
nvaccess/nvda,228,0.008859111161742742,0.0,0.5,0.04877972948888984,10,8.289473684210526,12,8,10,0.043859649122807015,2006-09,2025-08,24676,OSS4SG
dimagi/commcare-android,174,0.018276630776630776,0.0,1.0,0.09351120200341416,13,8.988505747126437,14,11,13,0.07471264367816093,2010-07,2025-07,15640,OSS4SG
avniproject/avni-server,109,0.027705296741993988,0.0,1.0,0.11683977617408087,11,7.706422018348624,12,8,11,0.10091743119266056,2016-05,2025-07,4860,OSS4SG
mysociety/alaveteli,216,0.01356003821281599,0.0,1.0,0.08380627743925913,10,6.888888888888889,11,8,10,0.046296296296296294,2007-09,2025-08,20339,OSS4SG
chaynHQ/soulmedicine,39,0.060683760683760676,0.0,1.0,0.20460656796232451,5,4.743589743589744,6,5,4,0.10256410256410256,2018-11,2025-07,1517,OSS4SG
dimagi/commcare-hq,197,0.01598559579389753,0.0,0.5,0.054005768042873784,34,21.604060913705585,36,26,33,0.16751269035532995,2009-04,2025-08,189981,OSS4SG
resource-watch/resource-watch,65,0.04282051282051282,0.0,2.0,0.25293364218788167,5,4.892307692307693,6,5,4,0.06153846153846154,2017-06,2024-05,8667,OSS4SG
opencrvs/opencrvs-core,92,0.04016694244307315,0.0,1.0,0.13249505722518065,21,14.271739130434783,22,20,20,0.21739130434782608,2017-07,2025-08,19494,OSS4SG
JustFixNYC/tenants2,68,0.0,0.0,0.0,0.0,0,1.0,1,1,0,0.0,2018-09,2025-07,3048,OSS4SG
opensrp/opensrp-client-core,67,0.03278841651086464,0.0,0.6666666666666666,0.09396622481973917,18,14.791044776119403,21,16,15,0.22388059701492538,2017-08,2023-08,4128,OSS4SG
getodk/collect,188,0.018930057277951027,0.0,1.0,0.09114045786127105,19,11.893617021276595,20,5,18,0.09574468085106383,2009-05,2025-07,16755,OSS4SG
openstreetmap/openstreetmap-website,226,0.015544093898466622,0.0,1.0,0.08384872063817858,18,13.738938053097344,19,9,17,0.0752212389380531,2006-08,2025-08,17250,OSS4SG
OneBusAway/onebusaway-android,150,0.013888888888888886,0.0,1.0,0.09674833907409895,4,2.9266666666666667,5,4,4,0.02666666666666667,2009-08,2025-07,2659,OSS4SG
unicef/etools,139,0.024143542309009936,0.0,1.0,0.10750237098859217,15,11.323741007194245,16,9,12,0.08633093525179857,2014-01,2025-07,20139,OSS4SG
dhis2/dhis2-core,108,0.017630501073050416,0.0,0.6,0.06382340476939824,23,19.90740740740741,28,19,20,0.18518518518518517,2016-09,2025-08,13982,OSS4SG
CenterForOpenScience/SHARE,92,0.03293219461697723,0.0,2.0,0.21409021237400672,13,13.173913043478262,15,5,6,0.06521739130434782,2014-07,2025-07,3373,OSS4SG
learningequality/kolibri,115,0.025069531020870367,0.0,1.0,0.10937954379870465,20,14.556521739130435,22,18,16,0.1391304347826087,2016-02,2025-08,33739,OSS4SG
scratchfoundation/scratch-vm,107,0.02384119281308309,0.0,0.5,0.07138378748066562,18,14.682242990654206,20,10,17,0.1588785046728972,2016-05,2025-07,9331,OSS4SG
azavea/raster-vision,95,0.021929824561403504,0.0,1.0,0.12107338976256402,4,3.2526315789473683,5,4,4,0.042105263157894736,2017-03,2025-04,3637,OSS4SG
mysociety/fixmystreet,223,0.00820165136308634,0.0,0.5,0.04861909178971248,8,6.5874439461883405,10,8,8,0.03587443946188341,2006-10,2025-07,15405,OSS4SG
openMF/web-app,75,0.038321892512496895,0.0,0.5,0.08578925094544013,25,13.986666666666666,27,24,22,0.29333333333333333,2018-06,2025-07,1525,OSS4SG
openoakland/openbudgetoakland,63,0.036243386243386244,0.0,1.0,0.1492375989978955,5,3.6031746031746033,6,5,5,0.07936507936507936,2013-02,2022-03,1000,OSS4SG
sugarlabs/turtleart-activity,127,0.01141732283464567,0.0,0.5,0.06138828870645255,5,6.283464566929134,7,2,5,0.03937007874015748,2007-07,2025-07,4041,OSS4SG
unep-grid/mapx,95,0.0,0.0,0.0,0.0,0,1.0,1,1,0,0.0,2017-04,2025-05,3865,OSS4SG
5calls/ios,51,0.09305166511048865,0.0,4.0,0.5599029806794007,9,8.0,10,7,6,0.11764705882352941,2017-02,2025-07,799,OSS4SG
kobotoolbox/kobocat,167,0.013881610737898165,0.0,0.5,0.0574697160145516,14,11.592814371257486,16,13,14,0.08383233532934131,2010-11,2024-09,10291,OSS4SG
mosip/commons,66,0.03630876363962514,0.0,1.1333333333333333,0.1505395616728706,86,93.53030303030303,101,79,16,0.24242424242424243,2018-10,2025-01,28244,OSS4SG
openstates/openstates-scrapers,197,0.021042429973414867,0.0,2.0,0.1474477146581312,21,14.081218274111675,22,15,20,0.10152284263959391,2009-03,2025-07,43152,OSS4SG
code4romania/seismic-risc,43,0.06519291192323808,0.0,1.0,0.17592960415036882,18,13.488372093023257,20,11,14,0.32558139534883723,2019-08,2024-04,512,OSS4SG
catalyst-cooperative/pudl,104,0.032180773286542515,0.0,1.0,0.14285847642354552,13,8.298076923076923,14,9,12,0.11538461538461539,2016-12,2025-08,10673,OSS4SG
digidem/mapeo-desktop,73,0.03127853881278539,0.0,1.0,0.13905393542025324,5,4.191780821917808,6,5,5,0.0684931506849315,2016-03,2023-08,1374,OSS4SG
openMF/mifos-mobile,90,0.03762257813652709,0.0,0.5,0.09852373158358585,38,19.6,40,27,28,0.3111111111111111,2016-07,2025-08,1627,OSS4SG
ushahidi/platform,144,0.020971370450537118,0.0,1.0,0.10223725414982962,11,6.763888888888889,12,10,11,0.0763888888888889,2012-11,2025-02,7236,OSS4SG
code4romania/redirectioneaza,62,0.022779057859703022,0.0,0.6666666666666666,0.09307410804822924,7,6.290322580645161,10,5,6,0.0967741935483871,2015-08,2025-07,1319,OSS4SG
rapidpro/ureport,127,0.016404199475065617,0.0,1.0,0.1050107967063636,4,4.6141732283464565,5,2,4,0.031496062992125984,2014-10,2025-06,4577,OSS4SG
WildMeOrg/Wildbook,182,0.011556102627531201,0.0,0.5,0.0546547031320639,11,7.769230769230769,13,11,11,0.06043956043956044,2010-06,2025-07,14111,OSS4SG
farmOS/farmOS,138,0.0,0.0,0.0,0.0,0,1.0,1,1,0,0.0,2014-02,2025-07,8748,OSS4SG
openmrs/openmrs-contrib-android-client,86,0.04153496577222187,0.0,1.0,0.13309950795210201,19,11.19767441860465,20,19,17,0.19767441860465115,2014-09,2023-08,1341,OSS4SG
scratchfoundation/scratch-gui,107,0.03164010185038222,0.0,1.0,0.1184845716659501,16,13.355140186915888,17,10,15,0.14018691588785046,2016-10,2025-08,13102,OSS4SG
radicallyopensecurity/pentext,79,0.028481012658227847,0.0,1.0,0.16006479943908408,4,4.772151898734177,5,3,3,0.0379746835443038,2016-07,2025-03,953,OSS4SG
OpenLMIS/openlmis-ref-distro,87,0.04967038735667579,0.0,1.3333333333333333,0.18539554381636658,28,18.82758620689655,29,25,22,0.25287356321839083,2016-07,2025-04,1096,OSS4SG
marytts/marytts,157,0.009235668789808917,0.0,0.5,0.05535417253999559,5,6.057324840764331,7,6,5,0.03184713375796178,2006-03,2025-01,4394,OSS4SG
Terrastories/terrastories,56,0.12178549479692767,0.0,5.0,0.6675497076111973,31,23.482142857142858,32,29,18,0.32142857142857145,2018-06,2024-04,979,OSS4SG
tidepool-org/blip,138,0.023090898634376893,0.0,1.0,0.12449433247443048,11,9.05072463768116,12,6,10,0.07246376811594203,2014-02,2025-07,11756,OSS4SG
OpenUpSA/pmg-cms-2,109,0.023787680209698556,0.0,1.0,0.11587505226378128,7,5.146788990825688,8,8,7,0.06422018348623854,2014-07,2025-07,3912,OSS4SG
h5p/h5p-interactive-video,138,0.021224407637451117,0.0,1.0,0.10420369282538147,10,7.695652173913044,11,10,10,0.07246376811594203,2013-06,2025-07,2324,OSS4SG
ClimateWatch-Vizzuality/climate-watch,86,0.027288376997679328,0.0,1.0,0.11610047942469297,12,11.616279069767442,14,12,11,0.12790697674418605,2017-08,2025-06,9287,OSS4SG
wri/gfw,155,0.020089415165514064,0.0,1.0,0.08960661924242755,27,18.81290322580645,29,19,24,0.15483870967741936,2012-06,2025-07,27800,OSS4SG
VOLTTRON/volttron,125,0.018193172668404867,0.0,0.6666666666666666,0.06838908639926153,20,17.416,23,18,19,0.152,2014-05,2025-05,11288,OSS4SG
Recidiviz/pulse-data,90,0.04410664417217,0.0,1.6666666666666667,0.18254230966502483,44,22.033333333333335,46,36,39,0.43333333333333335,2017-11,2025-07,17383,OSS4SG
Growstuff/growstuff,145,0.014628053938398765,0.0,0.5,0.06344009826223862,11,10.16551724137931,13,7,10,0.06896551724137931,2012-09,2025-07,11237,OSS4SG
mapswipe/python-mapswipe-workers,80,0.04948922605172605,0.0,2.0,0.24089960012884118,15,9.9125,16,13,11,0.1375,2018-03,2025-07,3390,OSS4SG
OADA/server,94,0.011626139817629179,0.0,0.3333333333333333,0.05175327554026605,5,6.9787234042553195,8,3,5,0.05319148936170213,2017-05,2025-06,1566,OSS4SG
sozialhelden/accessibility-cloud,60,0.026944444444444444,0.0,1.0,0.13571640375183866,5,6.133333333333334,7,3,4,0.06666666666666667,2016-07,2024-06,1283,OSS4SG
rightoneducation/righton-app,72,0.03402777777777778,0.0,1.0,0.14082357523768171,6,3.4305555555555554,7,5,6,0.08333333333333333,2019-01,2025-07,11154,OSS4SG
osm2pgsql-dev/osm2pgsql,221,0.0113067174153147,0.0,0.5,0.05094108238593841,17,14.692307692307692,19,5,16,0.07239819004524888,2006-12,2025-07,4622,OSS4SG
primeroIMS/primero,184,0.036820373950043735,0.0,4.0,0.29688669464559614,67,54.58695652173913,68,13,46,0.25,2010-02,2025-07,28879,OSS4SG
ifmeorg/ifme,123,0.039390259275672586,0.0,1.0,0.11602592761236645,65,40.260162601626014,66,64,38,0.3089430894308943,2014-05,2025-07,3767,OSS4SG
sozialhelden/wheelmap-frontend,90,0.023148148148148143,0.0,1.0,0.12431320549905778,4,4.433333333333334,5,3,4,0.044444444444444446,2017-04,2025-06,6846,OSS4SG
NREL/OpenStudio-server,136,0.025213001867413633,0.0,2.0,0.17666274939422133,10,8.044117647058824,11,7,9,0.0661764705882353,2013-07,2025-06,5514,OSS4SG
avniproject/avni-client,112,0.01803461915069058,0.0,0.5,0.06855026927293412,10,8.785714285714286,12,8,10,0.08928571428571429,2016-04,2025-07,5960,OSS4SG
RefugeRestrooms/refugerestrooms,72,0.05222830652558465,0.0,1.0,0.16961280034943285,19,16.958333333333332,20,18,14,0.19444444444444445,2013-12,2024-05,1242,OSS4SG
jembi/openhim-core-js,99,0.046113664674270735,0.0,3.0,0.30402595175261826,16,12.434343434343434,17,14,13,0.13131313131313133,2014-03,2024-12,3767,OSS4SG
publiclab/plots2,122,0.034586257895988945,0.0,0.5,0.0736944997807149,95,23.672131147540984,97,96,50,0.4098360655737705,2012-10,2023-01,6750,OSS4SG
CenterForOpenScience/osf.io,146,0.02208346656306585,0.0,1.0,0.09617485851699965,29,25.993150684931507,31,21,22,0.1506849315068493,2013-06,2025-07,55637,OSS4SG
open-contracting/standard,119,0.016209817260237427,0.0,0.5,0.06628773362695085,9,7.5966386554621845,11,7,9,0.07563025210084033,2014-07,2025-07,4059,OSS4SG
OpenEnergyDashboard/OED,98,0.04638908590075804,0.0,1.0,0.14590118955207584,44,18.43877551020408,45,44,36,0.3673469387755102,2016-10,2025-08,6766,OSS4SG
kobotoolbox/kpi,126,0.0292074107550298,0.0,2.0,0.18359535113862932,13,8.507936507936508,14,12,12,0.09523809523809523,2015-03,2025-08,18693,OSS4SG
OptiKey/OptiKey,107,0.019470404984423675,0.0,1.0,0.11422618109307987,4,3.317757009345794,5,5,4,0.037383177570093455,2014-08,2024-08,3810,OSS4SG
openfoodfoundation/openfoodnetwork,161,0.022689033927568242,0.0,1.0,0.09789657194085294,21,12.304347826086957,22,19,20,0.12422360248447205,2012-04,2025-08,33930,OSS4SG
ctt-gob-es/clienteafirma,164,0.006605691056910569,0.0,0.5,0.050546397673702594,3,4.469512195121951,5,4,3,0.018292682926829267,2011-05,2025-07,7056,OSS4SG
WattTime/pyiso,47,0.04432624113475177,0.0,1.0,0.17011918938188675,4,2.6382978723404253,5,4,4,0.0851063829787234,2014-03,2022-08,1003,OSS4SG
ShelterTechSF/askdarcel-web,102,0.026812702547996663,0.0,1.5,0.1519998445968879,14,12.411764705882353,16,11,12,0.11764705882352941,2016-05,2025-07,1651,OSS4SG
sugarlabs/sugar,194,0.010841292155725145,0.0,0.5,0.05300186315003488,11,8.190721649484535,13,12,11,0.05670103092783505,2006-05,2025-06,7984,OSS4SG
instedd/surveda,93,0.012647209421402971,0.0,0.6666666666666666,0.07501846571342688,5,7.709677419354839,8,8,4,0.043010752688172046,2016-09,2025-04,3544,OSS4SG
apache/fineract,160,0.026656727908315518,0.0,1.0,0.09816476999902252,39,16.23125,40,39,35,0.21875,2012-05,2025-08,8820,OSS4SG
openstreetmap/iD,152,0.01926952798663325,0.0,1.0,0.09944641125461551,10,7.296052631578948,11,8,10,0.06578947368421052,2012-10,2025-07,16397,OSS4SG
owid/owid-grapher,123,0.023812750032262225,0.0,1.0,0.11014226799478831,10,4.715447154471545,11,10,10,0.08130081300813008,2015-06,2025-08,20634,OSS4SG
Flowminder/FlowKit,80,0.014112103174603175,0.0,0.4,0.057911622518664656,7,9.7375,11,7,6,0.075,2018-12,2025-08,13825,OSS4SG
synthetichealth/synthea,108,0.026209964491483235,0.0,1.0,0.10627590541659865,20,17.27777777777778,22,10,17,0.1574074074074074,2016-05,2025-07,4880,OSS4SG
tidepool-org/platform,113,0.009587020648967551,0.0,0.5,0.06074134065817894,3,3.398230088495575,5,4,3,0.02654867256637168,2016-01,2025-08,1958,OSS4SG
Intelehealth/intelehealth-fhw-mobileapp,40,0.06794642857142856,0.0,1.0,0.18555207755607872,8,4.925,9,9,8,0.2,2019-05,2024-01,1030,OSS4SG
magma/magma,67,0.030345487443279154,0.015873015873015872,0.6,0.07766513450171286,54,46.52238805970149,64,59,34,0.5074626865671642,2019-03,2025-04,12229,OSS4SG
rapidpro/rapidpro,100,0.008333333333333333,0.0,0.5,0.05981171354710612,2,3.93,4,4,2,0.02,2015-01,2025-07,23404,OSS4SG
code-dot-org/blockly,84,0.016813114134542704,0.0,0.6666666666666666,0.08042476666434398,7,8.119047619047619,10,8,6,0.07142857142857142,2014-10,2024-02,2342,OSS4SG
tidepool-org/tideline,105,0.021746031746031746,0.0,1.0,0.11660080122257674,5,4.238095238095238,6,5,5,0.047619047619047616,2014-02,2025-07,3180,OSS4SG
huridocs/uwazi,117,0.02034811105323926,0.0,0.5,0.06796951620871952,15,10.598290598290598,17,16,15,0.1282051282051282,2015-12,2025-08,20012,OSS4SG
OperationCode/resources_api,34,0.06898926237161532,0.0,1.5,0.25903860699082903,9,8.647058823529411,11,10,7,0.20588235294117646,2018-09,2022-07,603,OSS4SG
demarches-simplifiees/demarches-simplifiees.fr,120,0.029171688197423492,0.0,1.0,0.11232546170080646,18,10.416666666666666,19,13,17,0.14166666666666666,2015-09,2025-08,26217,OSS4SG
ConservationInternational/trends.earth,89,0.011235955056179775,0.0,1.0,0.10599978800063599,1,1.0898876404494382,2,2,1,0.011235955056179775,2017-06,2025-08,3797,OSS4SG
healthsites/healthsites,64,0.02488839285714286,0.0,0.5,0.08657077092214742,6,6.3125,8,6,6,0.09375,2014-11,2025-07,1681,OSS4SG
foodcoops/foodsoft,154,0.014826839826839825,0.0,1.0,0.09666857650265144,5,4.8311688311688314,6,5,5,0.032467532467532464,2009-02,2025-07,2572,OSS4SG
oppia/oppia,153,0.03457639259667866,0.010869565217391304,1.0,0.1005899790954885,107,44.30718954248366,108,105,84,0.5490196078431373,2012-12,2025-08,16216,OSS4SG
instedd/verboice,103,0.022168284789644013,0.0,1.0,0.11769824858793591,5,5.067961165048544,6,6,5,0.04854368932038835,2011-04,2025-02,2455,OSS4SG
okfde/froide,163,0.0,0.0,0.0,0.0,0,1.0,1,1,0,0.0,2011-05,2025-08,7467,OSS4SG
coralproject/talk,85,0.02465452847805789,0.0,1.0,0.11634256321133556,9,8.011764705882353,11,7,8,0.09411764705882353,2018-07,2025-07,5145,OSS4SG
Sunbird-Obsrv/sunbird-data-pipeline,89,0.04117456562755202,0.0,1.0,0.1302294905635925,21,12.415730337078651,22,14,18,0.20224719101123595,2015-05,2023-01,6674,OSS4SG
scratchfoundation/scratch-www,119,0.018454774615179952,0.0,0.3333333333333333,0.052212868547143756,20,15.453781512605042,23,15,18,0.15126050420168066,2015-10,2025-08,15647,OSS4SG
OpenBankProject/OBP-API,159,0.018992939275958142,0.0,1.0,0.09745741838558022,11,8.836477987421384,12,6,11,0.06918238993710692,2011-11,2025-08,14024,OSS4SG
code-dot-org/code-dot-org,131,0.01198210940588781,0.0,0.125,0.023638291412391186,36,30.801526717557252,46,39,35,0.26717557251908397,2014-10,2025-08,200438,OSS4SG
WorldHealthOrganization/app,13,0.02539767924383309,0.0,0.18181818181818182,0.05453707024940725,4,13.923076923076923,15,10,3,0.23076923076923078,2020-04,2021-04,791,OSS4SG
PopulateTools/gobierto,104,0.019421897546897545,0.0,0.5,0.07097123327580578,10,9.875,12,7,10,0.09615384615384616,2016-11,2025-07,15489,OSS4SG
openfoodfacts/openfoodfacts-server,128,0.016276041666666664,0.0,1.0,0.10460660052691235,4,4.125,5,4,4,0.03125,2015-01,2025-08,34831,OSS4SG
openml/openml-python,98,0.01752915451895044,0.0,0.5,0.07160238641818487,7,6.591836734693878,9,8,7,0.07142857142857142,2015-01,2025-07,1747,OSS4SG
SORMAS-Foundation/SORMAS-Project,109,0.026604359957383257,0.0,0.5,0.07139896550253093,26,13.81651376146789,28,24,24,0.22018348623853212,2016-07,2025-07,28023,OSS4SG
GeoNode/geonode,190,0.016087101182844996,0.0,0.5,0.05817299016070202,30,21.33157894736842,32,26,28,0.14736842105263157,2009-10,2025-07,19138,OSS4SG
openMF/mobile-wallet,62,0.07924020340005523,0.0,2.0,0.28512677627423466,34,19.0,35,25,21,0.3387096774193548,2017-07,2025-08,925,OSS4SG
tidepool-org/tidepool-org.github.io,62,0.02585823674533352,0.0,0.3333333333333333,0.06696224005094756,10,10.629032258064516,13,8,10,0.16129032258064516,2014-02,2025-05,619,OSS4SG
openlawlibrary/taf,75,0.027777777777777773,0.0,1.0,0.13585269947982612,4,3.3333333333333335,5,4,4,0.05333333333333334,2019-03,2025-06,2212,OSS4SG
etalab/covid19-dashboard,13,0.02564102564102564,0.0,0.3333333333333333,0.09245003270420483,1,3.923076923076923,4,3,1,0.07692307692307693,2020-04,2021-08,841,OSS4SG
kobotoolbox/kobo-docker,105,0.021746031746031746,0.0,1.0,0.11660080122257674,5,4.695238095238095,6,4,5,0.047619047619047616,2016-02,2025-08,1118,OSS4SG
wevote/WebApp,116,0.022946334007439482,0.0,1.0,0.10080994073443467,17,13.810344827586206,19,18,16,0.13793103448275862,2016-01,2025-08,10120,OSS4SG
nextstrain/ncov,66,0.04579450183165354,0.0,2.75,0.33845219500741003,31,36.75757575757576,39,18,7,0.10606060606060606,2020-02,2025-07,5167,OSS4SG
XLSForm/pyxform,141,0.024393989522274874,0.0,1.0,0.10364438971994684,17,10.829787234042554,18,14,17,0.12056737588652482,2011-04,2025-07,1939,OSS4SG
hotosm/learnosm,124,0.024693780041450356,0.0,0.75,0.09264474125890745,26,24.491935483870968,28,14,19,0.1532258064516129,2012-10,2025-05,2773,OSS4SG
okfn/opendatahandbook,36,0.06805555555555556,0.0,1.0,0.19454362549881257,6,5.472222222222222,7,7,6,0.16666666666666666,2015-03,2022-06,2002,OSS4SG
disease-sh/API,28,0.015518707482993197,0.0,0.16666666666666666,0.045974104284545056,3,8.571428571428571,9,7,3,0.10714285714285714,2020-04,2025-04,2080,OSS4SG
reach4help/reach4help,31,0.017204301075268817,0.0,0.25,0.057812575680469686,5,12.516129032258064,13,7,3,0.0967741935483871,2020-04,2025-04,5112,OSS4SG
openstreetmap/osmosis,126,0.0,0.0,0.0,0.0,0,1.0,1,1,0,0.0,2007-05,2024-12,1889,OSS4SG
github/covid19-dashboard,18,0.032407407407407406,0.0,0.3333333333333333,0.09539601364326955,2,4.833333333333333,5,5,2,0.1111111111111111,2020-04,2022-07,1751,OSS4SG
dhis2/app-platform,66,0.03156565656565657,0.0,1.0,0.14453369724735352,4,3.727272727272727,5,5,4,0.06060606060606061,2019-03,2025-07,949,OSS4SG
pcm-dpc/COVID-19,58,0.057396004378762994,0.0,2.0,0.26815478165473483,9,5.931034482758621,10,7,8,0.13793103448275862,2020-04,2025-01,2423,OSS4SG
nextstrain/nextstrain.org,89,0.03178616015694668,0.0,1.0,0.12835699918794438,9,6.449438202247191,10,8,9,0.10112359550561797,2018-03,2025-07,3256,OSS4SG
okfde/offenerhaushalt.de,33,0.07424242424242425,0.0,1.0,0.2449876311039792,5,4.878787878787879,6,3,4,0.12121212121212122,2013-12,2024-10,1031,OSS4SG
