{
  "best_k": 2,
  "num_sequences": 2112,
  "sequence_length": 20,
  "silhouette_scores": [
    {
      "k": 2,
      "silhouette": 0.8010059983921577,
      "inertia": 914.7726570523802
    },
    {
      "k": 3,
      "silhouette": 0.7432816441925026,
      "inertia": 921.636012216032
    },
    {
      "k": 4,
      "silhouette": 0.7135452876858438,
      "inertia": 925.8982353856447
    },
    {
      "k": 5,
      "silhouette": 0.7054138615703909,
      "inertia": 927.1444116740357
    },
    {
      "k": 6,
      "silhouette": 0.7345216896503635,
      "inertia": 931.5404071941946
    },
    {
      "k": 7,
      "silhouette": 0.7393015408427014,
      "inertia": 933.5287007594095
    },
    {
      "k": 8,
      "silhouette": 0.7323810256950444,
      "inertia": 934.3746094372724
    }
  ],
  "chi_square": {
    "chi2": 7.944139509575643,
    "p": 0.004824335206143609,
    "cramers_v": 0.061330495612166074
  },
  "scott_knott_weeks": [
    {
      "clusters": [
        "0"
      ],
      "mean": 4.0791788856304985
    },
    {
      "clusters": [
        "1"
      ],
      "mean": 150.50423489553924
    }
  ],
  "scott_knott_commits": [
    {
      "clusters": [
        "0",
        "1"
      ],
      "mean": 32.640151515151516
    }
  ]
}